발생년,발생년월일시,발생분,주야,요일,사망자수,사상자수,중상자수,경상자수,부상신고자수,발생지시도,발생지시군구,사고유형_대분류,사고유형_중분류,사고유형,법규위반_대분류,법규위반,도로형태_대분류,도로형태,당사자종별_1당_대분류,당사자종별_1당,당사자종별_2당_대분류,당사자종별_2당,발생위치X_UTMK,발생위치Y_UTMK,경도,위도
2016,2016031905,45,야간,토,1,1,0,0,0,부산,동래구,차대사람,차도통행중,차도통행중,운전자법규위반,안전운전 의무 불이행,단일로,횡단보도상,승용차,중형,보행자,보행자,1143614 ,1693319 ,129.0780935,35.22498571
2016,2016032001,20,야간,일,1,2,1,0,0,전남,장성군,차량단독,전도전복,전도전복,운전자법규위반,안전운전 의무 불이행,단일로,기타단일로,승용차,경형,,,933605  ,1699205 ,126.76985249,35.28613981
2016,2016032409,10,주간,목,1,1,0,0,0,울산,울주군,차량단독,전도전복,전도전복,운전자법규위반,안전운전 의무 불이행,단일로,기타단일로,건설기계,건설기계,,,1136168 ,1736546 ,129.00351754,35.61565601
2016,2016032819,10,야간,월,1,2,0,1,0,충남,홍성군,차대차,측면직각충돌,측면직각충돌,운전자법규위반,신호위반,교차로,교차로내,화물차,소형,화물차,소형,929399  ,1847074 ,126.71044704,36.61891604
2016,2016032623,35,야간,토,1,1,0,0,0,전남,영암군,차대차,추돌,진행중 추돌,운전자법규위반,안전운전 의무 불이행,단일로,기타단일로,승용차,중형,화물차,대형,902445  ,1642777 ,126.43385742,34.77484154
2016,2016032820,32,야간,월,1,2,1,0,0,경남,김해시,차대사람,횡단중,횡단중,운전자법규위반,안전운전 의무 불이행,교차로,교차로내,원동기장치자전거,원동기장치자전거,보행자,보행자,1128487 ,1694320 ,128.91207037,35.2360573
2016,2016032612,39,주간,토,1,1,0,0,0,경기,화성시,차대차,추돌,진행중 추돌,운전자법규위반,안전운전 의무 불이행,단일로,기타단일로,승용차,중형,이륜차,대형,929409  ,1907640 ,126.70491663,37.16484234
2016,2016032605,38,야간,토,1,1,0,0,0,전남,영암군,차대차,측면직각충돌,측면직각충돌,운전자법규위반,안전운전 의무 불이행,교차로,교차로부근,승용차,경형,농기계,농기계,926079  ,1655375 ,126.69100791,34.89042295
2016,2016040719,00,야간,목,1,1,0,0,0,경기,성남시,차대차,측면직각충돌,측면직각충돌,운전자법규위반,신호위반,교차로,교차로부근,이륜차,소형,승용차,경형,970437  ,1937112 ,127.16583956,37.43269707
2016,2016040623,53,야간,수,1,1,0,0,0,서울,영등포구,차대사람,차도통행중,차도통행중,운전자법규위반,안전운전 의무 불이행,단일로,기타단일로,승합차,경형,보행자,보행자,947403  ,1944593 ,126.90516369,37.49939003
2016,2016040810,53,주간,금,1,1,0,0,0,충남,태안군,차대사람,횡단중,횡단중,운전자법규위반,보행자 보호의무 위반,단일로,횡단보도상,화물차,소형,보행자,보행자,892035  ,1862811 ,126.29044388,36.75725103
2016,2016040401,48,야간,월,1,1,0,0,0,경기,안산시,차대차,추돌,진행중 추돌,운전자법규위반,과속,단일로,기타단일로,승용차,대형,원동기장치자전거,원동기장치자전거,919034  ,1922507 ,126.58645786,37.29799601
2016,2016070713,35,주간,목,1,1,0,0,0,경북,포항시,차대사람,횡단중,횡단중,운전자법규위반,안전운전 의무 불이행,단일로,기타단일로,건설기계,건설기계,보행자,보행자,1170911 ,1773264 ,129.39480657,35.94113861
2016,2016070801,33,야간,금,1,1,0,0,0,전북,전주시,차대사람,길가장자리구역통행중,길가장자리구역통행중,운전자법규위반,안전운전 의무 불이행,단일로,기타단일로,승용차,중형,보행자,보행자,970262  ,1760252 ,127.17071702,35.83832872
2016,2016071707,45,주간,일,1,1,0,0,0,전북,완주군,차량단독,전도전복,전도전복,운전자법규위반,안전운전 의무 불이행,단일로,기타단일로,이륜차,사발이,,,965247  ,1746611 ,127.11578011,35.71517544
2016,2016071419,55,야간,목,1,3,2,0,0,강원,인제군,차량단독,전도전복,전도전복,운전자법규위반,안전운전 의무 불이행,단일로,기타단일로,화물차,소형,,,1053449 ,1992881 ,128.10823172,37.93426487
2016,2016071508,40,주간,금,1,3,2,0,0,충남,서천군,차량단독,공작물충돌,공작물충돌,운전자법규위반,안전운전 의무 불이행,교차로,교차로내,승합차,경형,,,928914  ,1785622 ,126.71063427,36.06491699
2016,2016060911,30,주간,목,1,1,0,0,0,경북,구미시,차대사람,횡단중,횡단중,운전자법규위반,보행자 보호의무 위반,교차로,교차로내,화물차,소형,보행자,보행자,1076552 ,1786395 ,128.35013144,36.07147043
2016,2016060617,40,주간,월,1,3,1,0,1,울산,북구,차대차,측면직각충돌,측면직각충돌,운전자법규위반,안전운전 의무 불이행,교차로,교차로내,승용차,중형,승용차,경형,1168264 ,1740784 ,129.35864325,35.64890542
2016,2016061110,30,주간,토,2,4,2,0,0,경기,화성시,차대차,측면직각충돌,측면직각충돌,운전자법규위반,안전운전 의무 불이행,단일로,기타단일로,승용차,소형,승용차,대형,954439  ,1914232 ,126.98642004,37.22581723
2016,2016061000,33,야간,금,1,3,1,1,0,인천,동구,차대차,추돌,진행중 추돌,운전자법규위반,신호위반,교차로,교차로내,승용차,중형,승용차,중형,924939  ,1942991 ,126.65099764,37.4831106
2016,2016061009,57,주간,금,1,2,0,0,1,경기,안성시,차량단독,전도전복,전도전복,운전자법규위반,안전운전 의무 불이행,단일로,기타단일로,승용차,대형,,,994847  ,1896956 ,127.44203147,37.07118723
2016,2016062100,20,야간,화,1,1,0,0,0,경기,광주시,차대차,추돌,진행중 추돌,운전자법규위반,안전거리 미확보,교차로,교차로부근,화물차,소형,승합차,대형,977359  ,1931998 ,127.24423717,37.38679622
2016,2016061810,25,주간,토,1,1,0,0,0,전남,해남군,차대사람,횡단중,횡단중,운전자법규위반,안전운전 의무 불이행,단일로,기타단일로,승용차,경형,보행자,보행자,917012  ,1619408 ,126.59532948,34.56541796
2016,2016062320,34,야간,목,1,3,2,0,0,강원,평창군,차대차,추돌,진행중 추돌,운전자법규위반,과속,단일로,기타단일로,승용차,중형,농기계,농기계,1071667 ,1937512 ,128.31008411,37.43399894
2016,2016062322,30,야간,목,1,5,2,2,0,대전,중구,차대차,기타,기타,운전자법규위반,안전운전 의무 불이행,단일로,기타단일로,승용차,중형,자전거,자전거,995360  ,1812061 ,127.44831714,36.30587005
2016,2016062116,40,주간,화,1,1,0,0,0,강원,횡성군,차량단독,전도전복,전도전복,운전자법규위반,안전운전 의무 불이행,단일로,기타단일로,농기계,농기계,,,1057581 ,1939048 ,128.15099424,37.44882711
2016,2016062023,57,야간,월,1,1,0,0,0,경남,창원시(통합),차대사람,보도통행중,보도통행중,운전자법규위반,안전운전 의무 불이행,기타/불명,기타/불명,승용차,경형,보행자,보행자,1106499 ,1691982 ,128.67016889,35.2174458
2016,2016062122,10,야간,화,1,1,0,0,0,강원,원주시,차대사람,횡단중,횡단중,운전자법규위반,보행자 보호의무 위반,교차로,교차로내,승용차,경형,보행자,보행자,1039076 ,1928348 ,127.94122322,37.35334933
2016,2016062213,20,주간,수,1,1,0,0,0,광주,남구,차대사람,횡단중,횡단중,운전자법규위반,안전운전 의무 불이행,교차로,교차로내,승용차,경형,보행자,보행자,946400  ,1681261 ,126.91172008,35.12511238
2016,2016062702,00,야간,월,2,2,0,0,0,경기,화성시,차대사람,기타,기타,운전자법규위반,안전운전 의무 불이행,단일로,기타단일로,화물차,중형,보행자,보행자,947360  ,1919220 ,126.906274,37.270404
2016,2016062516,20,주간,토,1,1,0,0,0,울산,울주군,차대차,측면직각충돌,측면직각충돌,운전자법규위반,직진 및 우회전차의 통행방해,교차로,교차로내,화물차,소형,이륜차,소형,1163190 ,1715569 ,129.29754281,35.42251512
2016,2016062603,12,야간,일,1,1,0,0,0,울산,북구,차량단독,공작물충돌,공작물충돌,운전자법규위반,안전운전 의무 불이행,교차로,교차로부근,승용차,대형,,,1167206 ,1739594 ,129.34671517,35.63836115
2016,2016070117,55,주간,금,1,1,0,0,0,경기,안산시,차대사람,횡단중,횡단중,운전자법규위반,과속,단일로,기타단일로,승용차,중형,보행자,보행자,940975  ,1924215 ,126.833865,37.31504274
2016,2016070116,50,주간,금,1,2,1,0,0,경남,하동군,차량단독,전도전복,전도전복,운전자법규위반,안전운전 의무 불이행,단일로,기타단일로,승용차,중형,,,1036803 ,1670202 ,127.90344047,35.0261468
2016,2016070201,40,야간,토,1,1,0,0,0,경기,시흥시,차대사람,횡단중,횡단중,운전자법규위반,안전운전 의무 불이행,단일로,기타단일로,승용차,중형,보행자,보행자,933122  ,1932149 ,126.74452922,37.3860207
2016,2016063018,30,야간,목,1,1,0,0,0,충남,논산시,차대차,정면충돌,정면충돌,운전자법규위반,신호위반,교차로,교차로내,승용차,중형,원동기장치자전거,원동기장치자전거,963903  ,1798664 ,127.09855436,36.18442647
2016,2016070512,18,주간,화,1,1,0,0,0,경기,남양주시,차대사람,횡단중,횡단중,운전자법규위반,신호위반,교차로,교차로부근,화물차,소형,보행자,보행자,973083  ,1966589 ,127.19466525,37.69846696
2016,2016070520,30,야간,화,1,1,0,0,0,경남,함안군,차대사람,횡단중,횡단중,운전자법규위반,안전운전 의무 불이행,단일로,기타단일로,화물차,경형,보행자,보행자,1083890 ,1695023 ,128.42209325,35.24712123
2016,2016070215,43,주간,토,1,2,1,0,0,전북,군산시,차대차,정면충돌,정면충돌,운전자법규위반,중앙선 침범,단일로,기타단일로,승용차,대형,승용차,중형,933535  ,1774295 ,126.76289506,35.96312903
2016,2016070216,45,주간,토,1,3,0,2,0,충북,괴산군,차대차,측면직각충돌,측면직각충돌,운전자법규위반,안전운전 의무 불이행,교차로,교차로부근,승용차,소형,승용차,경형,1020147 ,1860894 ,127.72568276,36.74590402
2016,2016070723,53,야간,목,1,1,0,0,0,경기,파주시,차대사람,차도통행중,차도통행중,운전자법규위반,안전운전 의무 불이행,단일로,기타단일로,승용차,경형,보행자,보행자,931099  ,1967194 ,126.71838803,37.70172476
2016,2016070618,30,야간,수,1,1,0,0,0,부산,해운대구,차대사람,길가장자리구역통행중,길가장자리구역통행중,운전자법규위반,안전운전 의무 불이행,단일로,기타단일로,승용차,중형,보행자,보행자,1155139 ,1688611 ,129.20363349,35.18085261
2016,2016071508,30,주간,금,1,1,0,0,0,전남,신안군,차대차,측면직각충돌,측면직각충돌,운전자법규위반,교차로 통행방법 위반,단일로,기타단일로,승합차,소형,이륜차,소형,856909  ,1636715 ,125.93737879,34.71482184
2016,2016062411,32,주간,금,1,3,1,1,0,부산,사하구,차대차,기타,기타,운전자법규위반,안전운전 의무 불이행,단일로,기타단일로,승용차,중형,승용차,경형,1134522 ,1680130 ,128.97606172,35.10735423
2016,2016071513,05,주간,금,1,2,0,1,0,경기,평택시,차대차,추돌,진행중 추돌,운전자법규위반,안전운전 의무 불이행,단일로,기타단일로,화물차,소형,화물차,대형,961763  ,1893237 ,127.0700485,37.03689806
2016,2016071320,18,야간,수,1,1,0,0,0,경기,광주시,차대사람,기타,기타,운전자법규위반,보행자 보호의무 위반,교차로,교차로부근,승용차,중형,보행자,보행자,973335  ,1927104 ,127.19895709,37.34257589
2016,2016071410,30,주간,목,1,4,2,1,0,전북,익산시,차대차,추돌,진행중 추돌,운전자법규위반,안전거리 미확보,단일로,기타단일로,승용차,중형,승용차,중형,953796  ,1792445 ,126.98652068,36.12793035
2016,2016060910,29,주간,목,1,1,0,0,0,전남,완도군,차량단독,전도전복,전도전복,운전자법규위반,안전운전 의무 불이행,교차로,교차로부근,이륜차,소형,,,944236  ,1598516 ,126.89345066,34.37885843
2016,2016060505,45,야간,일,1,1,0,0,0,충남,서산시,차량단독,전도전복,전도전복,운전자법규위반,안전운전 의무 불이행,단일로,기타단일로,승용차,중형,,,905582  ,1870071 ,126.44128872,36.82413286
2016,2016060420,50,야간,토,1,1,0,0,0,전북,정읍시,차량단독,공작물충돌,공작물충돌,운전자법규위반,안전운전 의무 불이행,단일로,기타단일로,화물차,중형,,,941566  ,1742060 ,126.854312,35.67302383
2016,2016061210,03,주간,일,1,1,0,0,0,충남,태안군,차대사람,횡단중,횡단중,운전자법규위반,안전운전 의무 불이행,기타/불명,기타/불명,화물차,소형,보행자,보행자,891592  ,1871762 ,126.28420734,36.8378732
2016,2016061022,57,야간,금,3,5,1,1,0,인천,서구,차대차,기타,기타,운전자법규위반,과속,교차로,교차로부근,승용차,소형,승용차,소형,923316  ,1949227 ,126.63199142,37.53917992
2016,2016073005,50,야간,토,1,1,0,0,0,경남,김해시,차량단독,공작물충돌,공작물충돌,운전자법규위반,안전운전 의무 불이행,단일로,기타단일로,이륜차,중형,,,1127137 ,1694449 ,128.89725779,35.23739232
2016,2016080305,30,야간,수,1,4,3,0,0,경기,용인시,차대차,추돌,진행중 추돌,운전자법규위반,안전운전 의무 불이행,기타/불명,기타/불명,화물차,소형,화물차,소형,976262  ,1914817 ,127.23239453,37.23190165
2016,2016080916,30,주간,화,2,2,0,0,0,충남,천안시,차량단독,공작물충돌,공작물충돌,운전자법규위반,안전운전 의무 불이행,단일로,기타단일로,승용차,대형,,,967562  ,1852201 ,127.13700663,36.66719853
2016,2016081120,20,야간,목,1,1,0,0,0,강원,춘천시,차대사람,길가장자리구역통행중,길가장자리구역통행중,운전자법규위반,안전운전 의무 불이행,단일로,기타단일로,승용차,중형,보행자,보행자,1005305 ,1980884 ,127.56028247,37.82769145
2016,2016081212,28,주간,금,1,3,0,2,0,충남,보령시,차대차,정면충돌,정면충돌,운전자법규위반,안전운전 의무 불이행,단일로,기타단일로,화물차,소형,건설기계,건설기계,910695  ,1829194 ,126.50337071,36.45618048
2016,2016081519,58,야간,월,1,1,0,0,0,경북,경산시,차대사람,기타,기타,운전자법규위반,안전운전 의무 불이행,단일로,기타단일로,승용차,중형,보행자,보행자,1114873 ,1763621 ,128.77231987,35.8624177
2016,2016081605,30,야간,화,1,1,0,0,0,전남,목포시,차대차,측면직각충돌,측면직각충돌,운전자법규위반,안전운전 의무 불이행,교차로,교차로내,이륜차,소형,승용차,경형,896443  ,1645388 ,126.36795315,34.79779025
2016,2016081610,12,주간,화,1,1,0,0,0,경기,안양시,차대사람,횡단중,횡단중,운전자법규위반,신호위반,교차로,교차로내,특수차,대형,보행자,보행자,950374  ,1932977 ,126.93934658,37.3945682
2016,2016081900,50,야간,금,1,1,0,0,0,대전,서구,차대사람,기타,기타,운전자법규위반,안전운전 의무 불이행,단일로,기타단일로,승용차,경형,보행자,보행자,990791  ,1817235 ,127.397364,36.35248307
2016,2016081917,29,주간,금,1,1,0,0,0,대전,동구,차대차,추돌,진행중 추돌,운전자법규위반,부당한 회전,단일로,기타단일로,승용차,경형,원동기장치자전거,원동기장치자전거,995937  ,1813293 ,127.45473766,36.31697972
2016,2016082600,10,야간,금,1,1,0,0,0,세종,세종,차대차,추돌,진행중 추돌,운전자법규위반,안전운전 의무 불이행,단일로,기타단일로,승용차,경형,특수차,경형,978014  ,1833501 ,127.2545016,36.49891746
2016,2016082313,30,주간,화,1,1,0,0,0,전북,부안군,차대사람,횡단중,횡단중,운전자법규위반,안전운전 의무 불이행,교차로,교차로내,특수차,경형,보행자,보행자,930927  ,1748748 ,126.73618616,35.73263231
2016,2016082803,20,야간,일,1,1,0,0,0,경남,고성군,차대차,추돌,진행중 추돌,운전자법규위반,안전운전 의무 불이행,단일로,기타단일로,이륜차,소형,화물차,소형,1075955 ,1665181 ,128.33214267,34.97868942
2016,2016082721,40,야간,토,1,1,0,0,0,강원,철원군,차량단독,공작물충돌,공작물충돌,운전자법규위반,안전운전 의무 불이행,단일로,기타단일로,승합차,소형,,,980414  ,2021353 ,127.27633305,38.19223626
2016,2016082917,00,주간,월,1,1,0,0,0,경남,창원시(통합),차대차,측면직각충돌,측면직각충돌,운전자법규위반,안전운전 의무 불이행,단일로,기타단일로,특수차,소형,이륜차,중형,1084095 ,1679817 ,128.42279544,35.11000674
2016,2016090907,00,주간,금,1,1,0,0,0,서울,동대문구,차대차,정면충돌,정면충돌,운전자법규위반,신호위반,교차로,교차로내,승용차,중형,자전거,자전거,960604  ,1952526 ,127.05387069,37.57126302
2016,2016091202,13,야간,월,1,2,1,0,0,충남,보령시,차량단독,전도전복,전도전복,운전자법규위반,과속,교차로,교차로부근,승용차,중형,,,920115  ,1816797 ,126.60975983,36.34526232
2016,2016091120,45,야간,일,1,1,0,0,0,충북,충주시,차대사람,횡단중,횡단중,운전자법규위반,안전운전 의무 불이행,단일로,기타단일로,승용차,경형,보행자,보행자,1038267 ,1887193 ,127.92998182,36.98241525
2016,2016090914,05,주간,금,1,1,0,0,0,서울,중구,차대차,측면직각충돌,측면직각충돌,운전자법규위반,신호위반,교차로,교차로내,승합차,대형,이륜차,중형,954753  ,1951983 ,126.98764842,37.56609988
2016,2016090802,05,야간,목,1,1,0,0,0,대전,서구,차대사람,횡단중,횡단중,운전자법규위반,과속,교차로,교차로내,승용차,중형,보행자,보행자,987781  ,1817901 ,127.36380662,36.35845379
2016,2016090817,00,주간,목,1,1,0,0,0,경기,용인시,차대사람,기타,기타,운전자법규위반,안전운전 의무 불이행,단일로,기타단일로,화물차,소형,보행자,보행자,979267  ,1906446 ,127.26650299,37.15651667
2016,2016071909,20,주간,화,1,1,0,0,0,경북,경주시,차대사람,횡단중,횡단중,운전자법규위반,안전운전 의무 불이행,단일로,기타단일로,화물차,소형,보행자,보행자,1164671 ,1749591 ,129.32077644,35.72887864
2016,2016072314,46,주간,토,1,1,0,0,0,경남,통영시,차대사람,횡단중,횡단중,운전자법규위반,안전운전 의무 불이행,단일로,기타단일로,승용차,경형,보행자,보행자,1083852 ,1654956 ,128.41762341,34.88587323
2016,2016072311,38,주간,토,1,1,0,0,0,충북,보은군,차대차,측면직각충돌,측면직각충돌,운전자법규위반,교차로 통행방법 위반,교차로,교차로내,승용차,중형,원동기장치자전거,원동기장치자전거,1027667 ,1827017 ,127.80582981,36.43438068
2016,2016072910,11,주간,금,1,1,0,0,0,강원,정선군,차대사람,기타,기타,운전자법규위반,안전운전 의무 불이행,단일로,기타단일로,화물차,소형,보행자,보행자,1097751 ,1929080 ,128.60376481,37.35562039
2016,2016072822,10,야간,목,1,1,0,0,0,경기,이천시,차대사람,기타,기타,운전자법규위반,안전운전 의무 불이행,단일로,기타단일로,승용차,대형,보행자,보행자,1001900 ,1914970 ,127.52141976,37.23358121
2016,2016080109,00,주간,월,1,1,0,0,0,충남,논산시,차량단독,전도전복,전도전복,운전자법규위반,안전운전 의무 불이행,단일로,기타단일로,농기계,농기계,,,955196  ,1799786 ,127.00166009,36.19417778
2016,2016080114,40,주간,월,1,2,0,1,0,경기,화성시,차대차,추돌,진행중 추돌,운전자법규위반,안전운전 의무 불이행,교차로,교차로부근,화물차,경형,승용차,대형,949977  ,1908376 ,126.93651738,37.17280429
2016,2016080202,07,야간,화,1,1,0,0,0,제주,제주시,차대사람,기타,기타,운전자법규위반,안전운전 의무 불이행,단일로,기타단일로,승용차,중형,보행자,보행자,885256  ,1492119 ,126.26591876,33.41456104
2016,2016080317,50,주간,수,1,1,0,0,0,경북,고령군,차대차,측면직각충돌,측면직각충돌,운전자법규위반,교차로 통행방법 위반,교차로,교차로내,화물차,소형,원동기장치자전거,원동기장치자전거,1069079 ,1748548 ,128.26386296,35.73082878
2016,2016080210,57,주간,화,1,1,0,0,0,충남,서산시,차대차,측면직각충돌,측면직각충돌,운전자법규위반,부당한 회전,단일로,기타단일로,자전거,자전거,승용차,중형,908694  ,1863696 ,126.47694299,36.76697864
2016,2016080819,45,야간,월,1,1,0,0,0,경북,고령군,차대사람,길가장자리구역통행중,길가장자리구역통행중,운전자법규위반,안전운전 의무 불이행,단일로,기타단일로,화물차,소형,보행자,보행자,1065952 ,1743105 ,128.2288409,35.68197112
2016,2016081107,00,주간,목,2,2,0,0,0,경남,양산시,차대사람,횡단중,횡단중,운전자법규위반,보행자 보호의무 위반,교차로,교차로부근,승용차,경형,보행자,보행자,1139157 ,1709234 ,129.03182982,35.36906394
2016,2016080717,25,주간,일,1,4,0,3,0,울산,울주군,차대사람,기타,기타,운전자법규위반,안전운전 의무 불이행,단일로,기타단일로,화물차,소형,보행자,보행자,1147452 ,1731004 ,129.12692778,35.56408564
2016,2016081304,27,야간,토,1,1,0,0,0,제주,서귀포시,차대사람,횡단중,횡단중,운전자법규위반,안전운전 의무 불이행,교차로,교차로부근,화물차,소형,보행자,보행자,919953  ,1475252 ,126.64062456,33.26569147
2016,2016081604,50,야간,화,1,1,0,0,0,경남,창원시(통합),차대차,정면충돌,정면충돌,운전자법규위반,안전운전 의무 불이행,단일로,기타단일로,승용차,경형,승합차,경형,1101525 ,1697440 ,128.61620061,35.26727934
2016,2016081420,10,야간,일,1,1,0,0,0,경북,의성군,차대사람,길가장자리구역통행중,길가장자리구역통행중,운전자법규위반,안전운전 의무 불이행,단일로,기타단일로,화물차,소형,보행자,보행자,1110753 ,1815154 ,128.73393821,36.32739609
2016,2016081615,24,주간,화,1,2,1,0,0,경남,의령군,차량단독,공작물충돌,공작물충돌,운전자법규위반,안전운전 의무 불이행,단일로,기타단일로,화물차,소형,,,1062849 ,1709897 ,128.19197593,35.382771
2016,2016082210,35,주간,월,1,1,0,0,0,세종,세종,차대차,기타,기타,운전자법규위반,중앙선 침범,교차로,교차로부근,원동기장치자전거,원동기장치자전거,건설기계,건설기계,975044  ,1851162 ,127.22076581,36.65805787
2016,2016081902,25,야간,금,1,4,3,0,0,인천,옹진군,차량단독,전도전복,전도전복,운전자법규위반,안전운전 의무 불이행,단일로,기타단일로,승용차,중형,,,754452  ,1985513 ,124.70970576,37.8363572
2016,2016081814,50,주간,목,1,1,0,0,0,전북,완주군,차량단독,전도전복,전도전복,운전자법규위반,안전운전 의무 불이행,단일로,기타단일로,승용차,경형,,,980548  ,1759530 ,127.28462854,35.83207717
2016,2016082610,30,주간,금,1,1,0,0,0,전북,순창군,차대차,추돌,진행중 추돌,운전자법규위반,안전운전 의무 불이행,단일로,기타단일로,원동기장치자전거,원동기장치자전거,화물차,중형,969230  ,1709415 ,127.16122796,35.37993153
2016,2016082800,37,야간,일,1,1,0,0,0,대구,달서구,차대사람,횡단중,횡단중,운전자법규위반,안전운전 의무 불이행,단일로,기타단일로,승용차,중형,보행자,보행자,1095245 ,1760202 ,128.55455074,35.83370215
2016,2016040712,45,주간,목,1,5,4,0,0,경북,군위군,차대차,측면직각충돌,측면직각충돌,운전자법규위반,중앙선 침범,단일로,기타단일로,승용차,소형,승용차,소형,1104178 ,1787252 ,128.65699027,36.07662709
2016,2016040812,55,주간,금,1,1,0,0,0,충남,당진시,차량단독,전도전복,전도전복,운전자법규위반,안전운전 의무 불이행,단일로,기타단일로,이륜차,소형,,,910832  ,1895377 ,126.49716411,37.052729
2016,2016040623,07,야간,수,1,1,0,0,0,충남,청양군,차대사람,횡단중,횡단중,운전자법규위반,안전운전 의무 불이행,단일로,기타단일로,승용차,경형,보행자,보행자,933553  ,1831714 ,126.75822323,36.48075431
2016,2016040721,40,야간,목,1,2,1,0,0,충남,공주시,차량단독,공작물충돌,공작물충돌,운전자법규위반,안전운전 의무 불이행,단일로,기타단일로,화물차,소형,,,973099  ,1827223 ,127.19983901,36.44219505
2016,2016040710,37,주간,목,1,1,0,0,0,전북,전주시,차대사람,횡단중,횡단중,운전자법규위반,신호위반,교차로,교차로내,승용차,중형,보행자,보행자,958491  ,1764593 ,127.04015632,35.87703881
2016,2016030921,52,야간,수,1,1,0,0,0,서울,동대문구,차대사람,횡단중,횡단중,운전자법규위반,안전운전 의무 불이행,교차로,교차로내,승합차,대형,보행자,보행자,958962  ,1953287 ,127.03523423,37.57805038
2016,2016030919,43,야간,수,1,1,0,0,0,경기,여주시,차대사람,차도통행중,차도통행중,운전자법규위반,안전운전 의무 불이행,단일로,기타단일로,승용차,중형,보행자,보행자,1005742 ,1920290 ,127.56477379,37.2815201
2016,2016030910,15,주간,수,1,1,0,0,0,충북,진천군,차대차,기타,기타,운전자법규위반,안전운전 의무 불이행,교차로,교차로부근,이륜차,소형,화물차,소형,997729  ,1875477 ,127.47451708,36.87757689
2016,2016031417,55,주간,월,1,1,0,0,0,경기,파주시,차대차,측면직각충돌,측면직각충돌,운전자법규위반,직진 및 우회전차의 통행방해,교차로,교차로내,화물차,소형,화물차,소형,935401  ,1971080 ,126.76684097,37.73706107
2016,2016042604,10,야간,화,1,1,0,0,0,경북,문경시,차대사람,보도통행중,보도통행중,운전자법규위반,보행자 보호의무 위반,교차로,교차로부근,화물차,대형,보행자,보행자,1064638 ,1846231 ,128.22280097,36.61174019
2016,2016042804,45,야간,목,1,1,0,0,0,광주,광산구,차대차,추돌,진행중 추돌,운전자법규위반,안전운전 의무 불이행,단일로,기타단일로,승용차,중형,화물차,중형,939953  ,1689088 ,126.84039631,35.19532127
2016,2016042616,30,주간,화,1,2,1,0,0,경기,시흥시,차대차,측면직각충돌,측면직각충돌,운전자법규위반,직진 및 우회전차의 통행방해,교차로,교차로내,화물차,소형,건설기계,건설기계,928835  ,1926159 ,126.69668206,37.3317136
2016,2016042709,10,주간,수,1,1,0,0,0,서울,노원구,차대사람,횡단중,횡단중,운전자법규위반,안전운전 의무 불이행,교차로,교차로내,화물차,소형,보행자,보행자,962908  ,1958414 ,127.0796626,37.62442889
2016,2016050217,10,주간,월,1,1,0,0,0,경북,영주시,차대사람,횡단중,횡단중,운전자법규위반,안전운전 의무 불이행,단일로,기타단일로,승용차,경형,보행자,보행자,1099838 ,1868387 ,128.61925459,36.80839838
2016,2016043010,42,주간,토,1,1,0,0,0,경기,김포시,차량단독,전도전복,전도전복,운전자법규위반,안전운전 의무 불이행,단일로,기타단일로,승용차,경형,,,925260  ,1960660 ,126.65282665,37.64238
2016,2016041102,58,야간,월,1,1,0,0,0,경기,용인시,차량단독,공작물충돌,공작물충돌,운전자법규위반,안전운전 의무 불이행,교차로,교차로부근,승용차,중형,,,964937  ,1916200 ,127.10466169,37.24401052
2016,2016041017,20,주간,일,1,1,0,0,0,부산,사하구,차대차,추돌,진행중 추돌,운전자법규위반,안전운전 의무 불이행,단일로,기타단일로,화물차,소형,화물차,대형,1135987 ,1677588 ,128.99171433,35.08424328
2016,2016041104,00,야간,월,1,1,0,0,0,경기,용인시,차대차,정면충돌,정면충돌,운전자법규위반,안전운전 의무 불이행,교차로,교차로부근,승용차,경형,건설기계,건설기계,974865  ,1914981 ,127.21664037,37.23334331
2016,2016040912,20,주간,토,1,1,0,0,0,충북,제천시,차대차,기타,기타,운전자법규위반,안전운전 의무 불이행,단일로,기타단일로,승합차,경형,승용차,경형,1056782 ,1881358 ,128.13757462,36.92888318
2016,2016040810,35,주간,금,1,2,1,0,0,경북,김천시,차대차,측면직각충돌,측면직각충돌,운전자법규위반,안전운전 의무 불이행,단일로,기타단일로,이륜차,소형,화물차,중형,1062019 ,1789617 ,128.18900356,36.10155329
2016,2016041501,22,야간,금,1,2,1,0,0,충북,음성군,차대차,정면충돌,정면충돌,운전자법규위반,중앙선 침범,단일로,기타단일로,화물차,소형,화물차,중형,1016991 ,1901803 ,127.69124912,37.1147394