발생년,발생년월일시,발생분,주야,요일,사망자수,사상자수,중상자수,경상자수,부상신고자수,발생지시도,발생지시군구,사고유형_대분류,사고유형_중분류,사고유형,법규위반_대분류,법규위반,도로형태_대분류,도로형태,당사자종별_1당_대분류,당사자종별_1당,당사자종별_2당_대분류,당사자종별_2당,발생위치X_UTMK,발생위치Y_UTMK,경도,위도
2016,2016050321,50,야간,화,1,1,0,0,0,서울,영등포구,차대사람,기타,기타,운전자법규위반,안전운전 의무 불이행,단일로,기타단일로,화물차,중형,보행자,보행자,947793  ,1948254 ,126.90910627,37.53212167
2016,2016051007,20,주간,화,1,1,0,0,0,경기,양주시,차대차,측면직각충돌,측면직각충돌,운전자법규위반,중앙선 침범,교차로,교차로부근,화물차,소형,화물차,경형,963663  ,1978514 ,127.08721441,37.80562244
2016,2016051005,35,야간,화,1,1,0,0,0,대전,서구,차대차,측면직각충돌,측면직각충돌,운전자법규위반,안전운전 의무 불이행,교차로,교차로내,승용차,경형,자전거,자전거,990428  ,1816052 ,127.39333286,36.3418143
2016,2016051013,59,주간,화,1,1,0,0,0,경남,창녕군,차량단독,도로이탈,도로이탈 추락,운전자법규위반,안전운전 의무 불이행,단일로,기타단일로,승용차,중형,,,1091248 ,1727911 ,128.506638,35.54297855
2016,2016050702,35,야간,토,1,1,0,0,0,경기,오산시,차대차,측면직각충돌,측면직각충돌,운전자법규위반,신호위반,교차로,교차로내,승용차,소형,원동기장치자전거,원동기장치자전거,962065  ,1904215 ,127.07288933,37.13586653
2016,2016050705,00,야간,토,1,1,0,0,0,충남,천안시,차대사람,횡단중,횡단중,운전자법규위반,안전운전 의무 불이행,단일로,기타단일로,승용차,중형,보행자,보행자,969504  ,1869669 ,127.15804001,36.82473078
2016,2016051411,40,주간,토,1,1,0,0,0,경북,상주시,차대차,측면직각충돌,측면직각충돌,운전자법규위반,과속,단일로,기타단일로,화물차,소형,이륜차,소형,1057373 ,1824424 ,128.13994593,36.4156238
2016,2016051215,27,주간,목,1,1,0,0,0,충남,아산시,차량단독,기타,기타,운전자법규위반,안전운전 의무 불이행,기타/불명,기타/불명,원동기장치자전거,원동기장치자전거,,,945215  ,1875020 ,126.88530585,36.87187031
2016,2016051117,51,주간,수,1,2,0,1,0,서울,영등포구,차대차,정면충돌,정면충돌,운전자법규위반,안전운전 의무 불이행,단일로,기타단일로,자전거,자전거,자전거,자전거,945653  ,1950331 ,126.88473257,37.55071817
2016,2016051114,25,주간,수,1,1,0,0,0,광주,동구,차대차,정면충돌,정면충돌,운전자법규위반,신호위반,교차로,교차로내,승용차,소형,이륜차,소형,946478  ,1684659 ,126.91235596,35.15575548
2016,2016051711,50,주간,화,1,1,0,0,0,경기,안양시,차대차,추돌,진행중 추돌,운전자법규위반,안전운전 의무 불이행,단일로,기타단일로,화물차,소형,이륜차,소형,945286  ,1933970 ,126.88179392,37.4032319
2016,2016051711,40,주간,화,1,1,0,0,0,전남,신안군,차량단독,전도전복,전도전복,운전자법규위반,안전운전 의무 불이행,기타/불명,기타/불명,이륜차,사발이,,,873464  ,1646550 ,126.11663915,34.80567043
2016,2016051608,45,주간,월,1,1,0,0,0,전남,장흥군,차대차,측면직각충돌,측면직각충돌,운전자법규위반,직진 및 우회전차의 통행방해,교차로,교차로내,원동기장치자전거,원동기장치자전거,화물차,소형,948019  ,1632462 ,126.93252379,34.68517008
2016,2016052006,18,주간,금,1,1,0,0,0,충남,태안군,차량단독,전도전복,전도전복,운전자법규위반,안전운전 의무 불이행,교차로,교차로부근,화물차,소형,,,893685  ,1861844 ,126.30906028,36.74872206
2016,2016051913,37,주간,목,1,1,0,0,0,인천,연수구,차대차,기타,기타,운전자법규위반,신호위반,교차로,교차로내,건설기계,건설기계,승용차,중형,924472  ,1934710 ,126.64656427,37.40843798
2016,2016052015,15,주간,금,1,4,0,3,0,광주,광산구,차대차,측면직각충돌,측면직각충돌,운전자법규위반,안전운전 의무 불이행,고가도로위,고가도로위,화물차,소형,승용차,경형,936315  ,1685171 ,126.80073874,35.15977938
2016,2016052410,10,주간,화,1,3,0,2,0,경기,남양주시,차대차,정면충돌,정면충돌,운전자법규위반,중앙선 침범,단일로,기타단일로,화물차,소형,승합차,대형,973956  ,1966670 ,127.20456516,37.69922226
2016,2016052814,15,주간,토,1,1,0,0,0,충남,보령시,차량단독,전도전복,전도전복,운전자법규위반,안전운전 의무 불이행,단일로,기타단일로,이륜차,소형,,,912474  ,1815498 ,126.52476501,36.33288834
2016,2016052722,21,야간,금,1,1,0,0,0,서울,광진구,차대사람,횡단중,횡단중,운전자법규위반,안전운전 의무 불이행,단일로,기타단일로,승용차,중형,보행자,보행자,963173  ,1951476 ,127.08289961,37.56202936
2016,2016060103,27,야간,수,1,3,1,1,0,대전,유성구,차대차,측면직각충돌,측면직각충돌,운전자법규위반,신호위반,교차로,교차로부근,승용차,경형,승용차,경형,985475  ,1818566 ,127.33809153,36.36441695
2016,2016053121,10,야간,화,1,1,0,0,0,경기,용인시,차대사람,횡단중,횡단중,운전자법규위반,안전운전 의무 불이행,단일로,기타단일로,승용차,경형,보행자,보행자,962443  ,1923461 ,127.07617552,37.30936222
2016,2016050410,16,주간,수,1,1,0,0,0,전남,장흥군,차량단독,전도전복,전도전복,운전자법규위반,안전운전 의무 불이행,기타/불명,기타/불명,원동기장치자전거,원동기장치자전거,,,951143  ,1627465 ,126.9669158,34.64026339
2016,2016071611,05,주간,토,1,1,0,0,0,경기,양평군,차량단독,전도전복,전도전복,운전자법규위반,안전운전 의무 불이행,단일로,기타단일로,화물차,중형,,,996094  ,1946628 ,127.45579835,37.51893553
2016,2016070117,25,주간,금,1,1,0,0,0,경북,영천시,차대차,정면충돌,정면충돌,운전자법규위반,신호위반,교차로,교차로내,승합차,대형,원동기장치자전거,원동기장치자전거,1118761 ,1778999 ,128.81767133,36.00056606
2016,2016070113,40,주간,금,1,1,0,0,0,경북,영천시,차대사람,길가장자리구역통행중,길가장자리구역통행중,운전자법규위반,안전운전 의무 불이행,단일로,기타단일로,승용차,중형,보행자,보행자,1133652 ,1783824 ,128.9836574,36.04212485
2016,2016063017,05,주간,목,1,1,0,0,0,경남,거제시,차대차,측면직각충돌,측면직각충돌,운전자법규위반,차로위반(진로변경 위반),단일로,기타단일로,이륜차,소형,승합차,중형,1106711 ,1658126 ,128.66814136,34.91230771
2016,2016060518,25,야간,일,1,1,0,0,0,충남,부여군,차대차,추돌,진행중 추돌,운전자법규위반,안전운전 의무 불이행,교차로,교차로부근,승용차,소형,이륜차,소형,937389  ,1799022 ,126.80367106,36.18630194
2016,2016060602,02,야간,월,1,1,0,0,0,전북,전주시,차대사람,횡단중,횡단중,운전자법규위반,안전운전 의무 불이행,교차로,교차로내,승용차,경형,보행자,보행자,967953  ,1759032 ,127.14519931,35.8272564
2016,2016061119,00,야간,토,1,1,0,0,0,전북,부안군,차량단독,전도전복,전도전복,운전자법규위반,안전운전 의무 불이행,단일로,기타단일로,농기계,농기계,,,928021  ,1743221 ,126.70454936,35.68259531
2016,2016061116,10,주간,토,1,1,0,0,0,경기,평택시,차대차,측면직각충돌,측면직각충돌,운전자법규위반,교차로 통행방법 위반,교차로,교차로내,특수차,대형,원동기장치자전거,원동기장치자전거,961107  ,1889328 ,127.06287428,37.00163484
2016,2016061110,14,주간,토,1,1,0,0,0,강원,인제군,차량단독,전도전복,전도전복,운전자법규위반,안전운전 의무 불이행,단일로,기타단일로,승용차,경형,,,1058944 ,2017270 ,128.1727675,38.15372388
2016,2016061115,54,주간,토,1,1,0,0,0,충남,아산시,차량단독,공작물충돌,공작물충돌,운전자법규위반,안전운전 의무 불이행,단일로,기타단일로,이륜차,중형,,,956553  ,1863484 ,127.01317392,36.76847033
2016,2016061606,05,주간,목,1,1,0,0,0,강원,고성군,차대차,정면충돌,정면충돌,운전자법규위반,중앙선 침범,단일로,기타단일로,승용차,대형,이륜차,소형,1089705 ,2026692 ,128.52501008,38.23609142
2016,2016061500,20,야간,수,1,1,0,0,0,서울,송파구,차대사람,횡단중,횡단중,운전자법규위반,안전운전 의무 불이행,단일로,기타단일로,승용차,중형,보행자,보행자,963663  ,1945206 ,127.08868247,37.50509029
2016,2016061420,12,야간,화,1,2,1,0,0,경북,청도군,차대차,측면직각충돌,측면직각충돌,운전자법규위반,중앙선 침범,단일로,기타단일로,농기계,농기계,화물차,소형,1123511 ,1749937 ,128.86585644,35.73802345
2016,2016061408,10,주간,화,1,1,0,0,0,경기,여주시,차대차,정면충돌,정면충돌,운전자법규위반,안전운전 의무 불이행,단일로,기타단일로,건설기계,건설기계,이륜차,소형,1000699 ,1927237 ,127.50789176,37.34415749
2016,2016062103,05,야간,화,1,1,0,0,0,경기,수원시,차량단독,공작물충돌,공작물충돌,운전자법규위반,안전운전 의무 불이행,단일로,기타단일로,이륜차,대형,,,962612  ,1921232 ,127.07819483,37.28927744
2016,2016061812,50,주간,토,1,5,0,3,1,경기,용인시,차대차,측면직각충돌,측면직각충돌,운전자법규위반,신호위반,교차로,교차로내,승용차,경형,승용차,경형,965050  ,1920519 ,127.10573285,37.28294543
2016,2016061809,30,주간,토,1,2,0,1,0,대전,유성구,차대차,측면직각충돌,측면직각충돌,운전자법규위반,신호위반,교차로,교차로내,원동기장치자전거,원동기장치자전거,승용차,경형,989750  ,1827094 ,127.38563174,36.44135465
2016,2016061713,00,주간,금,1,1,0,0,0,충남,논산시,차량단독,전도전복,전도전복,운전자법규위반,안전운전 의무 불이행,단일로,기타단일로,원동기장치자전거,원동기장치자전거,,,964908  ,1796971 ,127.10980672,36.16920024
2016,2016062201,40,야간,수,1,1,0,0,0,경남,통영시,차대사람,횡단중,횡단중,운전자법규위반,안전운전 의무 불이행,단일로,기타단일로,승용차,소형,보행자,보행자,1085241 ,1651276 ,128.4324473,34.85257706
2016,2016062709,15,주간,월,1,3,1,0,1,충북,청주시,차대차,기타,기타,운전자법규위반,신호위반,교차로,교차로내,승용차,경형,승용차,경형,996332  ,1846337 ,127.45898137,36.61488084
2016,2016070206,30,주간,토,1,3,2,0,0,강원,원주시,차대차,정면충돌,정면충돌,운전자법규위반,중앙선 침범,단일로,기타단일로,화물차,소형,화물차,소형,1033983 ,1935303 ,127.89186053,37.41646733
2016,2016070303,25,야간,일,1,1,0,0,0,경북,영덕군,차대사람,기타,기타,운전자법규위반,안전운전 의무 불이행,단일로,기타단일로,건설기계,건설기계,보행자,보행자,1171059 ,1833415 ,129.40957516,36.48311157
2016,2016071211,38,주간,화,1,1,0,0,0,충남,부여군,차대차,측면직각충돌,측면직각충돌,운전자법규위반,중앙선 침범,단일로,기타단일로,원동기장치자전거,원동기장치자전거,승합차,소형,949493  ,1810622 ,126.93753062,36.29158499
2016,2016071102,50,야간,월,1,1,0,0,0,전남,여수시,차대사람,횡단중,횡단중,운전자법규위반,안전운전 의무 불이행,단일로,기타단일로,승용차,경형,보행자,보행자,1021955 ,1638549 ,127.73984527,34.74114672
2016,2016071213,40,주간,화,1,1,0,0,0,인천,연수구,차량단독,기타,기타,운전자법규위반,기타(운전자법규위반),단일로,기타단일로,승합차,대형,,,927008  ,1936281 ,126.67506199,37.42280055
2016,2016071012,10,주간,일,1,1,0,0,0,전남,영암군,차량단독,공작물충돌,공작물충돌,운전자법규위반,안전운전 의무 불이행,단일로,기타단일로,이륜차,소형,,,898660  ,1639277 ,126.39292061,34.74291591
2016,2016071019,00,야간,일,1,1,0,0,0,경북,의성군,차대사람,기타,기타,운전자법규위반,안전운전 의무 불이행,단일로,기타단일로,승용차,경형,보행자,보행자,1093644 ,1817810 ,128.54367136,36.35315291
2016,2016071811,45,주간,월,1,3,0,2,0,강원,양양군,차대차,정면충돌,정면충돌,운전자법규위반,중앙선 침범,교차로,교차로부근,승합차,중형,화물차,중형,1098679 ,2008864 ,128.62506253,38.07450459
2016,2016071622,25,야간,토,1,2,0,1,0,충남,금산군,차대차,정면충돌,정면충돌,운전자법규위반,신호위반,교차로,교차로내,원동기장치자전거,원동기장치자전거,승용차,중형,999423  ,1790824 ,127.49358869,36.11441617
2016,2016071621,47,야간,토,1,1,0,0,0,경기,평택시,차대사람,횡단중,횡단중,운전자법규위반,안전운전 의무 불이행,단일로,기타단일로,승용차,중형,보행자,보행자,961194  ,1901712 ,127.06321265,37.1132688
2016,2016071417,10,주간,목,1,1,0,0,0,경기,양주시,차대사람,횡단중,횡단중,운전자법규위반,안전운전 의무 불이행,교차로,교차로내,화물차,소형,보행자,보행자,952435  ,1977517 ,126.95973523,37.79612071
2016,2016070102,00,야간,금,1,1,0,0,0,경북,경주시,차대사람,횡단중,횡단중,운전자법규위반,안전운전 의무 불이행,단일로,기타단일로,화물차,소형,보행자,보행자,1159754 ,1778079 ,129.27213889,35.98641843
2016,2016070120,55,야간,금,1,1,0,0,0,충북,청주시,차대사람,기타,기타,운전자법규위반,안전운전 의무 불이행,교차로,교차로부근,승용차,중형,보행자,보행자,998844  ,1851566 ,127.48706477,36.66202652
2016,2016060808,00,주간,수,1,3,2,0,0,경북,의성군,차대차,정면충돌,정면충돌,운전자법규위반,중앙선 침범,단일로,기타단일로,승용차,경형,건설기계,건설기계,1085748 ,1819869 ,128.45590824,36.37244921
2016,2016060808,40,주간,수,1,2,1,0,0,경기,화성시,차대사람,기타,기타,운전자법규위반,안전운전 의무 불이행,단일로,기타단일로,승합차,중형,보행자,보행자,945456  ,1915810 ,126.8850498,37.23955825
2016,2016060621,45,야간,월,1,1,0,0,0,경기,포천시,차대사람,횡단중,횡단중,운전자법규위반,안전운전 의무 불이행,교차로,교차로내,승용차,중형,보행자,보행자,971118  ,1984684 ,127.17165484,37.861499
2016,2016060716,45,주간,화,1,1,0,0,0,충남,공주시,차량단독,도로이탈,도로이탈 기타,운전자법규위반,안전운전 의무 불이행,단일로,기타단일로,화물차,소형,,,965959  ,1845409 ,127.11937012,36.60591411
2016,2016060917,45,주간,목,1,1,0,0,0,전북,완주군,차량단독,전도전복,전도전복,운전자법규위반,안전운전 의무 불이행,단일로,기타단일로,화물차,대형,,,982816  ,1761734 ,127.30969211,35.8519911
2016,2016060920,50,야간,목,1,1,0,0,0,인천,남동구,차대사람,횡단중,횡단중,운전자법규위반,안전운전 의무 불이행,단일로,기타단일로,승용차,중형,보행자,보행자,929974  ,1940912 ,126.71574169,37.46322641
2016,2016061100,33,야간,토,1,1,0,0,0,경기,용인시,차대사람,차도통행중,차도통행중,운전자법규위반,안전운전 의무 불이행,단일로,기타단일로,승용차,중형,보행자,보행자,963085  ,1924495 ,127.08336878,37.31870812
2016,2016061004,30,야간,금,1,1,0,0,0,서울,강남구,차대사람,횡단중,횡단중,운전자법규위반,보행자 보호의무 위반,단일로,횡단보도상,승용차,중형,보행자,보행자,959546  ,1946146 ,127.04254791,37.51360342
2016,2016061717,38,주간,금,1,1,0,0,0,경북,영천시,차량단독,전도전복,전도전복,운전자법규위반,안전운전 의무 불이행,단일로,기타단일로,원동기장치자전거,원동기장치자전거,,,1136972 ,1766600 ,129.01752706,35.88642637
2016,2016081904,45,야간,금,1,1,0,0,0,경남,양산시,차대사람,횡단중,횡단중,운전자법규위반,안전운전 의무 불이행,단일로,기타단일로,화물차,소형,보행자,보행자,1139999 ,1709241 ,129.04109672,35.3690092
2016,2016081510,59,주간,월,1,1,0,0,0,경북,문경시,차량단독,도로이탈,도로이탈 추락,운전자법규위반,안전운전 의무 불이행,단일로,기타단일로,농기계,농기계,,,1063716 ,1858831 ,128.21353947,36.72538161
2016,2016082101,06,야간,일,1,1,0,0,0,경기,안성시,차량단독,공작물충돌,공작물충돌,운전자법규위반,안전운전 의무 불이행,교차로,교차로부근,승용차,경형,,,978988  ,1890068 ,127.26381934,37.00887543
2016,2016082117,25,주간,일,1,1,0,0,0,서울,강서구,차대사람,횡단중,횡단중,운전자법규위반,보행자 보호의무 위반,교차로,교차로부근,건설기계,건설기계,보행자,보행자,938529  ,1952826 ,126.80387704,37.57275759
2016,2016082216,52,주간,월,1,1,0,0,0,강원,영월군,차대사람,횡단중,횡단중,운전자법규위반,안전운전 의무 불이행,단일로,기타단일로,승합차,대형,보행자,보행자,1090081 ,1916250 ,128.51561521,37.24076573
2016,2016082118,40,야간,일,1,1,0,0,0,전남,구례군,차량단독,공작물충돌,공작물충돌,운전자법규위반,안전운전 의무 불이행,단일로,기타단일로,농기계,농기계,,,994222  ,1693674 ,127.43649583,35.2384535
2016,2016082516,20,주간,목,1,1,0,0,0,경북,경주시,차대사람,기타,기타,운전자법규위반,안전운전 의무 불이행,단일로,기타단일로,승용차,경형,보행자,보행자,1155383 ,1761956 ,129.22052169,35.84182445
2016,2016091222,30,야간,월,1,1,0,0,0,충남,태안군,차량단독,도로이탈,도로이탈 추락,운전자법규위반,안전운전 의무 불이행,단일로,기타단일로,승용차,대형,,,897974  ,1832527 ,126.36099069,36.48495263
2016,2016090809,30,주간,목,1,1,0,0,0,충남,공주시,차대사람,횡단중,횡단중,운전자법규위반,안전운전 의무 불이행,단일로,기타단일로,승용차,중형,보행자,보행자,957040  ,1827102 ,127.02066423,36.44051925
2016,2016091201,25,야간,월,1,1,0,0,0,서울,중구,차대사람,횡단중,횡단중,운전자법규위반,안전운전 의무 불이행,단일로,기타단일로,승용차,중형,보행자,보행자,957663  ,1951912 ,127.02060263,37.56559834
2016,2016091216,45,주간,월,1,1,0,0,0,대전,동구,차량단독,전도전복,전도전복,운전자법규위반,안전운전 의무 불이행,단일로,기타단일로,이륜차,사발이,,,998527  ,1813537 ,127.48359013,36.31918693
2016,2016091010,00,주간,토,1,2,0,0,1,경기,용인시,차대차,정면충돌,정면충돌,운전자법규위반,안전운전 의무 불이행,교차로,교차로부근,화물차,소형,화물차,소형,974009  ,1913107 ,127.20705571,37.21642765
2016,2016091002,10,야간,토,1,1,0,0,0,대구,남구,차대사람,횡단중,횡단중,운전자법규위반,안전운전 의무 불이행,단일로,기타단일로,승용차,중형,보행자,보행자,1096762 ,1760533 ,128.57138444,35.83653744
2016,2016091117,03,주간,일,1,2,0,1,0,경남,양산시,차대차,정면충돌,정면충돌,운전자법규위반,중앙선 침범,단일로,기타단일로,이륜차,소형,승용차,경형,1128784 ,1709378 ,128.91769976,35.37175538
2016,2016091223,00,야간,월,1,1,0,0,0,충북,청주시,차대사람,횡단중,횡단중,운전자법규위반,안전운전 의무 불이행,교차로,교차로부근,승합차,대형,보행자,보행자,1002361 ,1856517 ,127.52643403,36.7066571
2016,2016091305,30,야간,화,1,1,0,0,0,전북,남원시,차대사람,기타,기타,운전자법규위반,안전운전 의무 불이행,단일로,기타단일로,자전거,자전거,보행자,보행자,984736  ,1721232 ,127.33164316,35.48684317
2016,2016090608,06,주간,화,1,1,0,0,0,서울,종로구,차대차,정면충돌,정면충돌,운전자법규위반,안전운전 의무 불이행,교차로,교차로내,승용차,중형,이륜차,소형,953223  ,1954095 ,126.97018938,37.58505923
2016,2016090716,16,주간,수,1,1,0,0,0,강원,횡성군,차대사람,횡단중,횡단중,운전자법규위반,과속,단일로,기타단일로,화물차,소형,보행자,보행자,1060377 ,1952475 ,128.18370595,37.56966646
2016,2016091920,15,야간,월,1,1,0,0,0,경북,성주군,차대차,추돌,진행중 추돌,운전자법규위반,과속,기타/불명,기타/불명,승용차,중형,농기계,농기계,1080181 ,1765375 ,128.38830224,35.88168483
2016,2016071815,06,주간,월,1,1,0,0,0,강원,인제군,차량단독,전도전복,전도전복,운전자법규위반,안전운전 의무 불이행,단일로,기타단일로,이륜차,소형,,,1077369 ,2025069 ,128.38389304,38.22261211
2016,2016071720,18,야간,일,1,2,1,0,0,경남,남해군,차대사람,차도통행중,차도통행중,운전자법규위반,안전운전 의무 불이행,단일로,기타단일로,승용차,대형,보행자,보행자,1032853 ,1643095 ,127.85907514,34.78184819
2016,2016071904,05,야간,화,1,1,0,0,0,경북,경산시,차대사람,횡단중,횡단중,운전자법규위반,안전운전 의무 불이행,단일로,기타단일로,승용차,경형,보행자,보행자,1118445 ,1765229 ,128.81211273,35.8764864
2016,2016072423,45,야간,일,1,1,0,0,0,서울,강동구,차대사람,횡단중,횡단중,운전자법규위반,안전운전 의무 불이행,단일로,기타단일로,승용차,중형,보행자,보행자,969571  ,1950717 ,127.15548821,37.55529783
2016,2016072401,55,야간,일,1,1,0,0,0,전북,정읍시,차대사람,횡단중,횡단중,운전자법규위반,안전운전 의무 불이행,단일로,기타단일로,승용차,중형,보행자,보행자,941198  ,1730510 ,126.85108773,35.56886793
2016,2016072215,28,주간,금,1,1,0,0,0,강원,춘천시,차량단독,공작물충돌,공작물충돌,운전자법규위반,안전운전 의무 불이행,단일로,기타단일로,승합차,중형,,,1018926 ,1983692 ,127.71513527,37.85281926
2016,2016072707,20,주간,수,1,1,0,0,0,충북,영동군,차대차,정면충돌,정면충돌,운전자법규위반,중앙선 침범,단일로,기타단일로,자전거,자전거,화물차,소형,1038869 ,1798434 ,127.93226173,36.18224558
2016,2016072517,30,주간,월,2,5,2,1,0,충남,서천군,차대차,측면직각충돌,측면직각충돌,운전자법규위반,안전운전 의무 불이행,교차로,교차로내,승용차,경형,승용차,경형,926414  ,1787730 ,126.68267921,36.08373441
2016,2016073117,14,주간,일,3,25,13,8,1,부산,해운대구,차대차,추돌,진행중 추돌,운전자법규위반,신호위반,교차로,교차로내,승용차,중형,승용차,소형,1152447 ,1687587 ,129.17405195,35.1720131
2016,2016080211,55,주간,화,1,1,0,0,0,경남,진주시,차대사람,기타,기타,운전자법규위반,안전운전 의무 불이행,단일로,기타단일로,화물차,소형,보행자,보행자,1055684 ,1684236 ,128.11135198,35.15182396
2016,2016080214,50,주간,화,1,1,0,0,0,전남,강진군,차대차,측면직각충돌,측면직각충돌,운전자법규위반,안전운전 의무 불이행,교차로,교차로내,원동기장치자전거,원동기장치자전거,승합차,대형,935521  ,1620892 ,126.7969722,34.58012827
2016,2016073017,47,주간,토,1,1,0,0,0,충북,충주시,차량단독,전도전복,전도전복,운전자법규위반,안전운전 의무 불이행,단일로,기타단일로,승용차,경형,,,1025238 ,1882663 ,127.78261729,36.94774804
2016,2016073001,10,야간,토,1,1,0,0,0,인천,남구,차대사람,기타,기타,운전자법규위반,안전운전 의무 불이행,단일로,기타단일로,승용차,중형,보행자,보행자,924738  ,1940271 ,126.64875574,37.4591908
2016,2016073010,00,주간,토,1,3,0,2,0,충남,천안시,차대차,측면직각충돌,측면직각충돌,운전자법규위반,안전운전 의무 불이행,단일로,기타단일로,승용차,경형,화물차,소형,967977  ,1876814 ,127.14061621,36.88908869
2016,2016081011,14,주간,수,1,1,0,0,0,전북,남원시,차대사람,횡단중,횡단중,운전자법규위반,안전운전 의무 불이행,교차로,교차로내,승용차,중형,보행자,보행자,991584  ,1714912 ,127.40728398,35.42993641
2016,2016080812,58,주간,월,1,2,1,0,0,경북,영덕군,차대차,정면충돌,정면충돌,운전자법규위반,중앙선 침범,단일로,기타단일로,이륜차,대형,승용차,대형,1168959 ,1825729 ,129.38446752,36.41423065
2016,2016080815,55,주간,월,1,1,0,0,0,전남,함평군,차대차,측면직각충돌,측면직각충돌,운전자법규위반,안전운전 의무 불이행,교차로,교차로내,화물차,대형,자전거,자전거,913570  ,1677387 ,126.55183882,35.08789998
2016,2016080804,25,야간,월,1,1,0,0,0,강원,원주시,차대차,추돌,진행중 추돌,운전자법규위반,안전운전 의무 불이행,교차로,교차로내,승용차,중형,승용차,중형,1039340 ,1926282 ,127.94409439,37.33471601
2016,2016080701,50,야간,일,1,1,0,0,0,대전,대덕구,차대사람,기타,기타,운전자법규위반,안전운전 의무 불이행,단일로,기타단일로,승용차,중형,보행자,보행자,992842  ,1816372 ,127.42023069,36.34472022
2016,2016081112,58,주간,목,1,2,0,1,0,부산,진구,차대차,기타,기타,운전자법규위반,신호위반,교차로,교차로내,이륜차,소형,승용차,경형,1141993 ,1685841 ,129.0589932,35.1578069
2016,2016081117,20,주간,목,1,1,0,0,0,경북,칠곡군,차량단독,전도전복,전도전복,운전자법규위반,안전운전 의무 불이행,단일로,기타단일로,승용차,중형,,,1078273 ,1782981 ,128.36890327,36.04055676
2016,2016081801,45,야간,목,1,1,0,0,0,서울,관악구,차대사람,횡단중,횡단중,운전자법규위반,신호위반,교차로,교차로내,승용차,중형,보행자,보행자,951673  ,1942664 ,126.95362849,37.48184485
2016,2016081713,35,주간,수,1,1,0,0,0,경남,양산시,차대사람,횡단중,횡단중,운전자법규위반,신호위반,교차로,교차로내,화물차,소형,보행자,보행자,1139955 ,1708212 ,129.04043628,35.35974035
2016,2016041406,55,주간,목,1,1,0,0,0,경북,상주시,차대사람,횡단중,횡단중,운전자법규위반,안전운전 의무 불이행,단일로,기타단일로,승용차,중형,보행자,보행자,1042347 ,1827723 ,127.97253024,36.44614481
2016,2016041416,20,주간,목,1,1,0,0,0,경기,부천시,차량단독,공작물충돌,공작물충돌,운전자법규위반,안전운전 의무 불이행,단일로,기타단일로,자전거,자전거,,,936611  ,1942516 ,126.78304825,37.47970433
2016,2016041817,13,주간,월,2,2,0,0,0,제주,제주시,차대차,정면충돌,정면충돌,운전자법규위반,과속,교차로,교차로내,이륜차,소형,이륜차,소형,934816  ,1506617 ,126.79769861,33.54952098
2016,2016041815,20,주간,월,1,2,1,0,0,경기,하남시,차대차,정면충돌,정면충돌,운전자법규위반,중앙선 침범,단일로,기타단일로,화물차,소형,화물차,소형,971264  ,1949440 ,127.17470579,37.54384204
2016,2016041608,20,주간,토,1,2,0,1,0,제주,제주시,차대차,측면직각충돌,측면직각충돌,운전자법규위반,신호위반,교차로,교차로내,화물차,소형,화물차,소형,922428  ,1504555 ,126.6675573,33.53094199
2016,2016041611,40,주간,토,1,1,0,0,0,강원,춘천시,차량단독,공작물충돌,공작물충돌,운전자법규위반,안전운전 의무 불이행,단일로,기타단일로,이륜차,대형,,,1002646 ,1981326 ,127.530069,37.83168685
2016,2016042221,40,야간,금,1,2,1,0,0,경북,경산시,차대차,기타,기타,운전자법규위반,안전운전 의무 불이행,단일로,기타단일로,이륜차,소형,승용차,대형,1119244 ,1769186 ,128.82155455,35.91205661
2016,2016042015,25,주간,수,1,1,0,0,0,충남,서천군,차대사람,횡단중,횡단중,운전자법규위반,안전운전 의무 불이행,단일로,기타단일로,화물차,소형,보행자,보행자,926753  ,1787272 ,126.68648668,36.0796312
2016,2016042419,10,야간,일,1,1,0,0,0,경기,시흥시,차량단독,공작물충돌,공작물충돌,운전자법규위반,안전운전 의무 불이행,단일로,기타단일로,이륜차,소형,,,931045  ,1931002 ,126.72117578,37.37553057
2016,2016050215,33,주간,월,1,2,0,1,0,충남,금산군,차대차,측면직각충돌,측면직각충돌,운전자법규위반,교차로 통행방법 위반,교차로,교차로부근,이륜차,소형,승용차,경형,999098  ,1789602 ,127.48859239,36.10318935
2016,2016050308,47,주간,화,1,2,1,0,0,경남,거창군,차대차,측면직각충돌,측면직각충돌,운전자법규위반,신호위반,교차로,교차로내,승용차,중형,승용차,중형,1036703 ,1743154 ,127.90562021,35.68393579