발생년,발생년월일시,발생분,주야,요일,사망자수,사상자수,중상자수,경상자수,부상신고자수,발생지시도,발생지시군구,사고유형_대분류,사고유형_중분류,사고유형,법규위반_대분류,법규위반,도로형태_대분류,도로형태,당사자종별_1당_대분류,당사자종별_1당,당사자종별_2당_대분류,당사자종별_2당,발생위치X_UTMK,발생위치Y_UTMK,경도,위도
2016,2016082123,51,야간,일,1,1,0,0,0,부산,금정구,차대사람,기타,기타,운전자법규위반,안전운전 의무 불이행,기타/불명,기타/불명,승용차,경형,보행자,보행자,1146525 ,1692196 ,129.10986408,35.2144379
2016,2016082710,55,주간,토,1,1,0,0,0,경남,창원시(통합),차대차,기타,기타,운전자법규위반,안전운전 의무 불이행,단일로,기타단일로,원동기장치자전거,원동기장치자전거,승용차,중형,1091395 ,1693678 ,128.50442555,35.23433852
2016,2016091212,44,주간,월,2,3,1,0,0,경북,경주시,차대차,기타,기타,운전자법규위반,중앙선 침범,교차로,교차로부근,승용차,경형,화물차,소형,1153184 ,1762233 ,129.19623545,35.84466694
2016,2016090905,35,야간,금,1,1,0,0,0,전북,정읍시,차대차,측면직각충돌,측면직각충돌,운전자법규위반,과속,교차로,교차로부근,승용차,소형,자전거,자전거,935177  ,1729389 ,126.78268278,35.55797263
2016,2016091412,55,주간,수,1,1,0,0,0,강원,양구군,차량단독,공작물충돌,공작물충돌,운전자법규위반,안전운전 의무 불이행,단일로,기타단일로,이륜차,대형,,,1046014 ,2009889 ,128.02471896,38.08795644
2016,2016071800,05,야간,월,1,2,0,0,1,서울,강서구,차대차,측면직각충돌,측면직각충돌,운전자법규위반,신호위반,교차로,교차로내,원동기장치자전거,원동기장치자전거,승용차,소형,940549  ,1951366 ,126.82676255,37.55976771
2016,2016071907,00,주간,화,1,1,0,0,0,강원,횡성군,차량단독,전도전복,전도전복,운전자법규위반,안전운전 의무 불이행,단일로,기타단일로,농기계,농기계,,,1045976 ,1941775 ,128.01996719,37.47405637
2016,2016072403,00,야간,일,1,1,0,0,0,경기,이천시,차량단독,공작물충돌,공작물충돌,운전자법규위반,안전운전 의무 불이행,교차로,교차로부근,승용차,소형,,,991660  ,1922722 ,127.40589168,37.30342242
2016,2016072405,28,야간,일,1,2,1,0,0,충남,천안시,차량단독,전도전복,전도전복,운전자법규위반,안전운전 의무 불이행,교차로,교차로부근,이륜차,소형,,,977094  ,1860245 ,127.2434312,36.73999084
2016,2016072421,50,야간,일,1,1,0,0,0,부산,동구,차대사람,기타,기타,운전자법규위반,중앙선 침범,단일로,기타단일로,승용차,중형,보행자,보행자,1139836 ,1682195 ,129.03470119,35.12524431
2016,2016072301,10,야간,토,1,1,0,0,0,경북,경주시,차대사람,기타,기타,운전자법규위반,안전운전 의무 불이행,교차로,교차로부근,승용차,경형,보행자,보행자,1177675 ,1743432 ,129.46312811,35.67111817
2016,2016072220,44,야간,금,1,1,0,0,0,대구,달서구,차대사람,횡단중,횡단중,운전자법규위반,보행자 보호의무 위반,단일로,횡단보도상,승용차,중형,보행자,보행자,1095264 ,1761219 ,128.55488245,35.8428682
2016,2016072711,50,주간,수,1,2,1,0,0,전북,익산시,차대차,추돌,진행중 추돌,운전자법규위반,안전운전 의무 불이행,교차로,교차로부근,화물차,소형,화물차,소형,951744  ,1785067 ,126.96416879,36.06131476
2016,2016072611,35,주간,화,1,3,1,1,0,충남,태안군,차대차,측면직각충돌,측면직각충돌,운전자법규위반,직진 및 우회전차의 통행방해,교차로,교차로내,승용차,대형,건설기계,건설기계,897735  ,1833283 ,126.35822298,36.49174127
2016,2016072707,16,주간,수,1,1,0,0,0,대구,북구,차대사람,기타,기타,운전자법규위반,보행자 보호의무 위반,단일로,횡단보도상,승용차,중형,보행자,보행자,1100569 ,1768347 ,128.61448889,35.90647338
2016,2016073120,00,야간,일,1,1,0,0,0,전남,광양시,차대차,측면직각충돌,측면직각충돌,운전자법규위반,신호위반,교차로,교차로부근,이륜차,소형,승용차,소형,1007460 ,1664216 ,127.58172491,34.9728115
2016,2016080115,00,주간,월,1,1,0,0,0,경남,합천군,차량단독,공작물충돌,공작물충돌,운전자법규위반,안전운전 의무 불이행,단일로,기타단일로,화물차,소형,,,1056251 ,1740891 ,128.12148573,35.66261116
2016,2016073106,17,주간,일,1,1,0,0,0,부산,진구,차대사람,기타,기타,운전자법규위반,안전운전 의무 불이행,단일로,기타단일로,화물차,소형,보행자,보행자,1141048 ,1685749 ,129.04860536,35.15711068
2016,2016073100,20,야간,일,1,2,1,0,0,서울,서초구,차량단독,공작물충돌,공작물충돌,운전자법규위반,과속,기타/불명,기타/불명,승용차,중형,,,954776  ,1940414 ,126.98862084,37.46182631
2016,2016080412,55,주간,목,1,1,0,0,0,전북,군산시,차량단독,전도전복,전도전복,운전자법규위반,안전운전 의무 불이행,단일로,기타단일로,자전거,자전거,,,939906  ,1778669 ,126.83321402,36.00297537
2016,2016080916,10,주간,화,1,1,0,0,0,경북,의성군,차대차,측면직각충돌,측면직각충돌,운전자법규위반,교차로 통행방법 위반,교차로,교차로내,승용차,경형,이륜차,소형,1085304 ,1817674 ,128.45071847,36.35270265
2016,2016081414,12,주간,일,1,27,8,18,0,전남,여수시,차대차,정면충돌,정면충돌,운전자법규위반,안전운전 의무 불이행,단일로,터널안,화물차,대형,승용차,소형,1022770 ,1640975 ,127.74881419,34.76300587
2016,2016081622,00,야간,화,1,3,1,0,1,경기,남양주시,차대차,측면직각충돌,측면직각충돌,운전자법규위반,신호위반,교차로,교차로내,승용차,경형,이륜차,소형,976816  ,1950701 ,127.23751442,37.55536446
2016,2016082101,14,야간,일,1,2,1,0,0,충남,예산군,차량단독,전도전복,전도전복,운전자법규위반,안전운전 의무 불이행,단일로,기타단일로,승용차,대형,,,925276  ,1854674 ,126.66360193,36.68710797
2016,2016081907,00,주간,금,1,1,0,0,0,충남,서산시,차대차,정면충돌,정면충돌,운전자법규위반,중앙선 침범,단일로,교량위,승용차,중형,건설기계,건설기계,904509  ,1863073 ,126.43013655,36.76095098
2016,2016082822,45,야간,일,1,1,0,0,0,서울,성북구,차량단독,공작물충돌,공작물충돌,운전자법규위반,안전운전 의무 불이행,단일로,기타단일로,승합차,경형,,,955749  ,1956717 ,126.99872629,37.60879725
2016,2016082603,32,야간,금,1,1,0,0,0,서울,도봉구,차대사람,횡단중,횡단중,운전자법규위반,과속,단일로,횡단보도상,승용차,중형,보행자,보행자,958653  ,1961382 ,127.03127708,37.65099832
2016,2016082616,30,주간,금,1,1,0,0,0,부산,연제구,차대차,기타,기타,운전자법규위반,차로위반(진로변경 위반),교차로,교차로부근,승용차,중형,원동기장치자전거,원동기장치자전거,1143583 ,1688361 ,129.07688311,35.18029573
2016,2016091512,00,주간,목,1,2,1,0,0,경남,밀양시,차량단독,공작물충돌,공작물충돌,운전자법규위반,안전운전 의무 불이행,단일로,기타단일로,승용차,소형,,,1117139 ,1713775 ,128.79016914,35.41282832
2016,2016091706,25,주간,토,1,1,0,0,0,부산,사상구,차대차,측면직각충돌,측면직각충돌,운전자법규위반,안전거리 미확보,단일로,기타단일로,승용차,소형,화물차,중형,1133616 ,1683673 ,128.96662112,35.13903563
2016,2016091723,00,야간,토,1,1,0,0,0,인천,남구,차대사람,기타,기타,운전자법규위반,안전운전 의무 불이행,단일로,기타단일로,승용차,중형,보행자,보행자,927468  ,1939777 ,126.67991653,37.45434558
2016,2016072804,25,야간,목,1,1,0,0,0,충북,청주시,차량단독,전도전복,전도전복,운전자법규위반,안전운전 의무 불이행,단일로,기타단일로,농기계,농기계,,,1002108 ,1855488 ,127.52359857,36.69738138
2016,2016080412,18,주간,목,1,1,0,0,0,경북,경주시,차대차,측면직각충돌,측면직각충돌,운전자법규위반,안전운전 의무 불이행,단일로,기타단일로,원동기장치자전거,원동기장치자전거,승용차,경형,1158551 ,1777583 ,129.25870055,35.98214497
2016,2016080411,30,주간,목,1,6,4,1,0,경기,용인시,차대사람,기타,기타,운전자법규위반,기타(운전자법규위반),단일로,기타단일로,승합차,소형,보행자,보행자,967540  ,1925929 ,127.13358518,37.33180019
2016,2016080210,30,주간,화,1,1,0,0,0,전북,장수군,차량단독,전도전복,전도전복,운전자법규위반,안전운전 의무 불이행,기타/불명,기타/불명,농기계,농기계,,,1001896 ,1730331 ,127.52092358,35.56899862
2016,2016080908,45,주간,화,1,1,0,0,0,전남,나주시,차대차,측면직각충돌,측면직각충돌,운전자법규위반,교차로 통행방법 위반,교차로,교차로내,화물차,소형,원동기장치자전거,원동기장치자전거,928680  ,1661166 ,126.71897641,34.9428249
2016,2016080915,10,주간,화,1,1,0,0,0,전북,김제시,차대차,측면직각충돌,측면직각충돌,운전자법규위반,직진 및 우회전차의 통행방해,교차로,교차로부근,원동기장치자전거,원동기장치자전거,건설기계,건설기계,953624  ,1764700 ,126.98623449,35.877785
2016,2016080821,03,야간,월,1,1,0,0,0,전남,목포시,차대사람,횡단중,횡단중,운전자법규위반,안전운전 의무 불이행,단일로,기타단일로,승용차,경형,보행자,보행자,901960  ,1647019 ,126.42806295,34.81304159
2016,2016080703,00,야간,일,1,1,0,0,0,강원,횡성군,차량단독,기타,기타,운전자법규위반,기타(운전자법규위반),단일로,기타단일로,화물차,소형,,,1063647 ,1950384 ,128.22055112,37.55060032
2016,2016080614,30,주간,토,1,1,0,0,0,충북,괴산군,차대차,추돌,진행중 추돌,운전자법규위반,안전운전 의무 불이행,단일로,기타단일로,승용차,대형,이륜차,소형,1011833 ,1864154 ,127.63260184,36.77543234
2016,2016112117,20,주간,월,1,1,0,0,0,경기,화성시,차대차,추돌,진행중 추돌,운전자법규위반,안전운전 의무 불이행,단일로,기타단일로,화물차,소형,건설기계,건설기계,939069  ,1901001 ,126.81425214,37.10568124
2016,2016112310,55,주간,수,1,2,1,0,0,경북,영천시,차대차,추돌,진행중 추돌,운전자법규위반,안전운전 의무 불이행,단일로,기타단일로,화물차,소형,화물차,소형,1133535 ,1772188 ,128.9803979,35.93726637
2016,2016112322,50,야간,수,1,2,0,1,0,광주,광산구,차대차,추돌,진행중 추돌,운전자법규위반,안전운전 의무 불이행,단일로,기타단일로,승용차,대형,화물차,중형,939259  ,1686910 ,126.83293382,35.17564146
2016,2016112413,00,주간,목,1,1,0,0,0,서울,영등포구,차대차,측면직각충돌,측면직각충돌,운전자법규위반,안전운전 의무 불이행,교차로,교차로부근,건설기계,건설기계,자전거,자전거,947627  ,1947490 ,126.90728202,37.52522622
2016,2016110213,35,주간,수,1,2,0,1,0,서울,동작구,차대차,추돌,진행중 추돌,운전자법규위반,안전운전 의무 불이행,교차로,교차로부근,화물차,소형,승합차,대형,951271  ,1944892 ,126.94869251,37.50200962
2016,2016103020,37,야간,일,1,1,0,0,0,경북,안동시,차대사람,횡단중,횡단중,운전자법규위반,안전운전 의무 불이행,단일로,기타단일로,승용차,경형,보행자,보행자,1109813 ,1841313 ,128.72717558,36.56328015
2016,2016110418,15,야간,금,1,1,0,0,0,경남,진주시,차대사람,횡단중,횡단중,운전자법규위반,안전운전 의무 불이행,단일로,횡단보도부근,승용차,경형,보행자,보행자,1055804 ,1687904 ,128.11291751,35.18489046
2016,2016110203,05,야간,수,1,1,0,0,0,충북,청주시,차량단독,공작물충돌,공작물충돌,운전자법규위반,안전운전 의무 불이행,단일로,기타단일로,이륜차,중형,,,999047  ,1851976 ,127.48933576,36.66572287
2016,2016120720,46,야간,수,1,2,0,1,0,경북,영덕군,차대차,측면직각충돌,측면직각충돌,운전자법규위반,부당한 회전,교차로,교차로내,화물차,소형,승용차,대형,1168385 ,1809601 ,129.37458137,36.26900884
2016,2016121021,17,야간,토,1,1,0,0,0,경기,이천시,차대사람,횡단중,횡단중,운전자법규위반,안전운전 의무 불이행,단일로,기타단일로,승용차,소형,보행자,보행자,999983  ,1921167 ,127.49980821,37.2894431
2016,2016121003,48,야간,토,1,1,0,0,0,울산,남구,차대사람,횡단중,횡단중,운전자법규위반,안전운전 의무 불이행,단일로,기타단일로,승용차,중형,보행자,보행자,1163944 ,1728292 ,129.30841155,35.5370538
2016,2016120721,15,야간,수,1,1,0,0,0,부산,진구,차대사람,횡단중,횡단중,운전자법규위반,안전운전 의무 불이행,단일로,기타단일로,승용차,중형,보행자,보행자,1139606 ,1685103 ,129.03266907,35.15148896
2016,2016122718,40,야간,화,1,1,0,0,0,전남,순천시,차대사람,횡단중,횡단중,운전자법규위반,안전운전 의무 불이행,교차로,교차로내,승용차,경형,보행자,보행자,994519  ,1679625 ,127.43985344,35.11177287
2016,2016122116,05,주간,수,1,1,0,0,0,경남,고성군,차량단독,공작물충돌,공작물충돌,운전자법규위반,안전운전 의무 불이행,단일로,기타단일로,승용차,중형,,,1076854 ,1668901 ,128.34233455,35.0121628
2016,2016122115,35,주간,수,1,1,0,0,0,전남,무안군,차대사람,길가장자리구역통행중,길가장자리구역통행중,운전자법규위반,안전운전 의무 불이행,단일로,기타단일로,승용차,중형,보행자,보행자,907648  ,1650718 ,126.4898376,34.84692478
2016,2016122311,10,주간,금,1,1,0,0,0,경기,고양시,차대사람,차도통행중,차도통행중,운전자법규위반,안전운전 의무 불이행,단일로,기타단일로,화물차,중형,보행자,보행자,949254  ,1968913 ,126.92420698,37.71840322
2016,2016100219,12,야간,일,1,1,0,0,0,충남,청양군,차대사람,기타,기타,운전자법규위반,안전운전 의무 불이행,단일로,기타단일로,승용차,중형,보행자,보행자,936377  ,1818228 ,126.79085279,36.35937499
2016,2016110619,25,야간,일,1,3,0,2,0,서울,강북구,차대사람,횡단중,횡단중,운전자법규위반,안전운전 의무 불이행,단일로,기타단일로,승용차,중형,보행자,보행자,959579  ,1957635 ,127.04198154,37.6172672
2016,2016111100,55,야간,금,1,1,0,0,0,경북,영덕군,차량단독,공작물충돌,공작물충돌,운전자법규위반,안전운전 의무 불이행,단일로,기타단일로,승용차,대형,,,1168587 ,1820969 ,129.37928743,36.37140613
2016,2016110718,00,야간,월,1,1,0,0,0,경남,사천시,차대사람,횡단중,횡단중,운전자법규위반,안전운전 의무 불이행,교차로,교차로부근,화물차,중형,보행자,보행자,1053152 ,1676285 ,128.08304361,35.08026845
2016,2016111215,02,주간,토,1,1,0,0,0,서울,관악구,차대사람,기타,기타,운전자법규위반,안전운전 의무 불이행,단일로,기타단일로,승용차,대형,보행자,보행자,950421  ,1942176 ,126.93925928,37.47748436
2016,2016111205,44,야간,토,1,3,2,0,0,대구,달서구,차대차,측면직각충돌,측면직각충돌,운전자법규위반,신호위반,교차로,교차로내,이륜차,소형,승용차,중형,1096351 ,1761700 ,128.5669753,35.84709798
2016,2016111213,50,주간,토,1,1,0,0,0,경남,밀양시,차대차,측면직각충돌,측면직각충돌,운전자법규위반,안전운전 의무 불이행,단일로,기타단일로,승용차,경형,이륜차,소형,1113857 ,1718134 ,128.75463849,35.45250379
2016,2016110918,25,야간,수,1,1,0,0,0,충남,보령시,차대사람,차도통행중,차도통행중,운전자법규위반,안전운전 의무 불이행,단일로,기타단일로,승용차,중형,보행자,보행자,924152  ,1821489 ,126.65428608,36.38788458
2016,2016110606,15,주간,일,1,1,0,0,0,전남,무안군,차대사람,기타,기타,운전자법규위반,기타(운전자법규위반),단일로,기타단일로,승용차,경형,보행자,보행자,902126  ,1650008 ,126.42952897,34.84000675
2016,2016111714,45,주간,목,1,1,0,0,0,경북,안동시,차대차,추돌,진행중 추돌,운전자법규위반,안전운전 의무 불이행,단일로,기타단일로,화물차,소형,자전거,자전거,1123586 ,1832449 ,128.8796332,36.48170969
2016,2016111606,00,주간,수,1,1,0,0,0,강원,동해시,차대차,측면직각충돌,측면직각충돌,운전자법규위반,안전운전 의무 불이행,단일로,기타단일로,승용차,중형,화물차,대형,1141053 ,1950174 ,129.09665603,37.53972167
2016,2016112600,10,야간,토,1,1,0,0,0,경남,김해시,차량단독,공작물충돌,공작물충돌,운전자법규위반,안전운전 의무 불이행,단일로,기타단일로,승용차,소형,,,1131989 ,1701957 ,128.95177437,35.3044432
2016,2016112620,05,야간,토,1,1,0,0,0,충남,홍성군,차대사람,횡단중,횡단중,운전자법규위반,안전운전 의무 불이행,교차로,교차로내,화물차,소형,보행자,보행자,907967  ,1838665 ,126.47180289,36.54129152
2016,2016112616,55,주간,토,1,3,0,2,0,전남,무안군,차대차,정면충돌,정면충돌,운전자법규위반,안전운전 의무 불이행,교차로,교차로내,화물차,소형,승용차,경형,901503  ,1653232 ,126.42233712,34.86901437
2016,2016112120,12,야간,월,1,1,0,0,0,경남,김해시,차대차,정면충돌,정면충돌,운전자법규위반,중앙선 침범,단일로,기타단일로,승용차,중형,화물차,소형,1134318 ,1701345 ,128.97728371,35.29861644
2016,2016112118,17,야간,월,2,3,1,0,0,경기,포천시,차대차,추돌,진행중 추돌,운전자법규위반,안전운전 의무 불이행,단일로,기타단일로,화물차,중형,건설기계,건설기계,982879  ,1994946 ,127.30511507,37.95428722
2016,2016112706,15,주간,일,2,2,0,0,0,경북,영천시,차대사람,기타,기타,운전자법규위반,안전운전 의무 불이행,단일로,기타단일로,화물차,소형,보행자,보행자,1125568 ,1779125 ,128.89319649,36.00084844
2016,2016110110,00,주간,화,1,1,0,0,0,대구,달성군,차대사람,횡단중,횡단중,운전자법규위반,안전운전 의무 불이행,단일로,기타단일로,승용차,대형,보행자,보행자,1090641 ,1756998 ,128.50297495,35.80520844
2016,2016102918,00,야간,토,1,2,0,1,0,전남,광양시,차대차,측면직각충돌,측면직각충돌,운전자법규위반,교차로 통행방법 위반,교차로,교차로내,승용차,경형,원동기장치자전거,원동기장치자전거,1019854 ,1663186 ,127.71747705,34.96335628
2016,2016103106,40,주간,월,1,1,0,0,0,인천,계양구,차대사람,횡단중,횡단중,운전자법규위반,안전운전 의무 불이행,기타/불명,기타/불명,화물차,중형,보행자,보행자,932367  ,1947920 ,126.7345538,37.52810879
2016,2016110212,48,주간,수,1,1,0,0,0,광주,서구,차대차,측면직각충돌,측면직각충돌,운전자법규위반,안전운전 의무 불이행,단일로,기타단일로,승합차,소형,자전거,자전거,943950  ,1682965 ,126.88471619,35.14034339
2016,2016110214,40,주간,수,1,1,0,0,0,전남,해남군,차대차,기타,기타,운전자법규위반,안전운전 의무 불이행,단일로,기타단일로,농기계,농기계,승합차,대형,918258  ,1615063 ,126.60932847,34.5263389
2016,2016110210,15,주간,수,1,2,1,0,0,인천,강화군,차대사람,차도통행중,차도통행중,운전자법규위반,부당한 회전,단일로,기타단일로,화물차,소형,보행자,보행자,912579  ,1967889 ,126.50823978,37.70640845
2016,2016110305,00,야간,목,1,1,0,0,0,경기,이천시,차대차,기타,기타,운전자법규위반,신호위반,교차로,교차로부근,자전거,자전거,승합차,중형,987235  ,1920061 ,127.35600594,37.27938604
2016,2016103021,50,야간,일,1,1,0,0,0,충남,천안시,차대차,측면직각충돌,측면직각충돌,운전자법규위반,안전운전 의무 불이행,단일로,기타단일로,승용차,경형,승용차,경형,973209  ,1880565 ,127.19919974,36.92306496
2016,2016103012,58,주간,일,1,2,0,1,0,경기,화성시,차대차,추돌,진행중 추돌,운전자법규위반,안전운전 의무 불이행,단일로,기타단일로,승용차,중형,승용차,중형,950317  ,1911418 ,126.94014476,37.20024216
2016,2016060723,26,야간,화,1,2,1,0,0,경기,화성시,차대차,정면충돌,정면충돌,운전자법규위반,중앙선 침범,고가도로위,고가도로위,승용차,중형,승용차,중형,945720  ,1916168 ,126.888,37.24280052
2016,2016060621,00,야간,월,1,1,0,0,0,광주,서구,차대사람,횡단중,횡단중,운전자법규위반,안전운전 의무 불이행,단일로,기타단일로,승용차,중형,보행자,보행자,943863  ,1685462 ,126.88359143,35.16285322
2016,2016060711,40,주간,화,1,6,2,3,0,강원,횡성군,차대차,정면충돌,정면충돌,운전자법규위반,중앙선 침범,단일로,기타단일로,승용차,경형,승합차,대형,1048812 ,1954325 ,128.05287403,37.58702654
2016,2016061200,35,야간,일,1,1,0,0,0,서울,종로구,차대사람,기타,기타,운전자법규위반,안전운전 의무 불이행,교차로,교차로부근,승용차,중형,보행자,보행자,953822  ,1953045 ,126.97703977,37.57562566
2016,2016061118,57,야간,토,1,1,0,0,0,부산,사하구,차대차,기타,기타,운전자법규위반,신호위반,교차로,교차로내,승용차,소형,원동기장치자전거,원동기장치자전거,1133668 ,1680134 ,128.99052841,35.06668513
2016,2016061622,10,야간,목,1,1,0,0,0,전북,전주시,차대사람,차도통행중,차도통행중,운전자법규위반,안전운전 의무 불이행,단일로,기타단일로,승용차,중형,보행자,보행자,966406  ,1766207 ,127.12777008,35.89189417
2016,2016061418,12,야간,화,1,1,0,0,0,광주,북구,차대사람,횡단중,횡단중,운전자법규위반,안전운전 의무 불이행,단일로,기타단일로,승용차,대형,보행자,보행자,944336  ,1686213 ,126.88873424,35.16965106
2016,2016062316,50,주간,목,1,1,0,0,0,경북,경산시,차량단독,전도전복,전도전복,운전자법규위반,안전운전 의무 불이행,단일로,기타단일로,화물차,소형,,,1116676 ,1754540 ,128.79095892,35.78034921
2016,2016062416,15,주간,금,1,1,0,0,0,충남,금산군,차대사람,횡단중,횡단중,운전자법규위반,보행자 보호의무 위반,교차로,교차로내,승용차,경형,보행자,보행자,999142  ,1790177 ,127.49046708,36.10858276
2016,2016062211,55,주간,수,1,3,0,1,1,경기,평택시,차대차,추돌,진행중 추돌,운전자법규위반,안전운전 의무 불이행,교차로,교차로부근,화물차,소형,화물차,소형,949123  ,1895440 ,126.92777609,37.05615559
2016,2016070118,48,야간,금,1,5,3,0,1,경기,용인시,차대사람,기타,기타,운전자법규위반,과속,교차로,교차로부근,승용차,중형,보행자,보행자,974134  ,1915473 ,127.20838245,37.23775817
2016,2016062912,15,주간,수,1,1,0,0,0,강원,화천군,차량단독,전도전복,전도전복,운전자법규위반,안전운전 의무 불이행,단일로,기타단일로,농기계,농기계,,,1029175 ,2006223 ,127.83255026,38.05561662
2016,2016063011,50,주간,목,1,1,0,0,0,강원,영월군,차량단독,기타,기타,운전자법규위반,안전운전 의무 불이행,단일로,기타단일로,농기계,농기계,,,1084405 ,1910265 ,128.45095234,37.1873553
2016,2016063008,10,주간,목,1,1,0,0,0,충남,홍성군,차량단독,전도전복,전도전복,운전자법규위반,안전운전 의무 불이행,단일로,기타단일로,화물차,소형,,,929045  ,1838444 ,126.70728424,36.54109718
2016,2016062822,13,야간,화,1,1,0,0,0,경북,구미시,차대차,측면직각충돌,측면직각충돌,운전자법규위반,안전운전 의무 불이행,단일로,기타단일로,승용차,중형,이륜차,중형,1079864 ,1789819 ,128.38725506,36.10207036
2016,2016070601,40,야간,수,1,1,0,0,0,경북,포항시,차대사람,횡단중,횡단중,운전자법규위반,안전운전 의무 불이행,교차로,교차로부근,승용차,경형,보행자,보행자,1164999 ,1783756 ,129.33147839,36.03670227
2016,2016070322,40,야간,일,1,1,0,0,0,울산,남구,차대사람,횡단중,횡단중,운전자법규위반,안전운전 의무 불이행,교차로,교차로부근,승용차,중형,보행자,보행자,1167024 ,1728667 ,129.34244775,35.53991913
2016,2016070507,19,주간,화,1,1,0,0,0,전남,순천시,차량단독,기타,기타,운전자법규위반,안전운전 의무 불이행,교차로,교차로부근,승용차,중형,,,999693  ,1659606 ,127.49663849,34.93126822
2016,2016071011,45,주간,일,1,1,0,0,0,경북,상주시,차대차,측면직각충돌,측면직각충돌,운전자법규위반,교차로 통행방법 위반,교차로,교차로내,화물차,소형,이륜차,소형,1047635 ,1822362 ,128.0312051,36.39756768
2016,2016070909,00,주간,토,1,1,0,0,0,강원,평창군,차대차,추돌,진행중 추돌,운전자법규위반,안전운전 의무 불이행,단일로,기타단일로,이륜차,소형,화물차,소형,1081455 ,1936122 ,128.42055655,37.42066144
2016,2016070820,30,야간,금,1,2,1,0,0,전북,임실군,차대차,측면직각충돌,측면직각충돌,운전자법규위반,직진 및 우회전차의 통행방해,교차로,교차로내,이륜차,사발이,승용차,대형,988154  ,1730726 ,127.36926614,35.5724911
2016,2016070820,15,야간,금,1,1,0,0,0,경남,고성군,차대사람,횡단중,횡단중,운전자법규위반,보행자 보호의무 위반,단일로,횡단보도상,승용차,경형,보행자,보행자,1073949 ,1666963 ,128.31032576,34.99490554
2016,2016070819,49,야간,금,1,1,0,0,0,인천,서구,차대사람,보도통행중,보도통행중,운전자법규위반,안전운전 의무 불이행,단일로,기타단일로,자전거,자전거,보행자,보행자,926116  ,1953441 ,126.66349772,37.57739129
2016,2016060722,20,야간,화,1,1,0,0,0,경북,경주시,차대사람,횡단중,횡단중,운전자법규위반,안전운전 의무 불이행,단일로,기타단일로,승용차,경형,보행자,보행자,1155102 ,1761790 ,129.21737924,35.84037294
2016,2016070723,40,야간,목,1,1,0,0,0,대전,동구,차대사람,횡단중,횡단중,운전자법규위반,안전운전 의무 불이행,단일로,기타단일로,승용차,중형,보행자,보행자,993901  ,1815030 ,127.43204277,36.33262881
2016,2016070722,06,야간,목,1,1,0,0,0,충남,서천군,차대사람,차도통행중,차도통행중,운전자법규위반,안전운전 의무 불이행,단일로,기타단일로,승용차,중형,보행자,보행자,928700  ,1783202 ,126.70847662,36.04308502
2016,2016060910,40,주간,목,1,1,0,0,0,충남,부여군,차대차,측면직각충돌,측면직각충돌,운전자법규위반,안전운전 의무 불이행,교차로,교차로내,화물차,소형,이륜차,소형,951001  ,1813088 ,126.95416881,36.31389399
2016,2016060520,42,야간,일,1,1,0,0,0,충남,아산시,차대사람,횡단중,횡단중,운전자법규위반,보행자 보호의무 위반,교차로,교차로내,승합차,경형,보행자,보행자,954013  ,1851266 ,126.98544908,36.6582113
2016,2016060615,15,주간,월,1,1,0,0,0,경기,김포시,차대차,기타,기타,운전자법규위반,안전운전 의무 불이행,단일로,기타단일로,이륜차,소형,특수차,중형,926282  ,1964407 ,126.66403123,37.6762323
2016,2016061215,40,주간,일,1,7,2,2,2,서울,영등포구,차대차,측면직각충돌,측면직각충돌,운전자법규위반,신호위반,단일로,기타단일로,승용차,중형,승용차,중형,949936  ,1946922 ,126.93345105,37.52023497
2016,2016061314,03,주간,월,1,2,0,1,0,경기,용인시,차대차,추돌,진행중 추돌,운전자법규위반,안전운전 의무 불이행,지하도로내,지하도로내,승합차,중형,승용차,중형,969254  ,1918833 ,127.15322659,37.26789655
2016,2016061212,40,주간,일,1,2,1,0,0,울산,남구,차량단독,공작물충돌,공작물충돌,운전자법규위반,안전운전 의무 불이행,단일로,기타단일로,승용차,소형,,,1162700 ,1729037 ,129.29484506,35.54397285
2016,2016061312,55,주간,월,1,2,1,0,0,전남,여수시,차대사람,횡단중,횡단중,운전자법규위반,보행자 보호의무 위반,단일로,기타단일로,승용차,소형,보행자,보행자,1021489 ,1638427 ,127.73475142,34.74005648
2016,2016061520,50,야간,수,1,1,0,0,0,경기,김포시,차대사람,횡단중,횡단중,운전자법규위반,보행자 보호의무 위반,교차로,교차로부근,자전거,자전거,보행자,보행자,929550  ,1958789 ,126.70162952,37.6258566
2016,2016061605,15,야간,목,1,1,0,0,0,인천,연수구,차대사람,차도통행중,차도통행중,운전자법규위반,안전운전 의무 불이행,단일로,기타단일로,승용차,중형,보행자,보행자,925428  ,1936767 ,126.65713604,37.42728721