발생년,발생년월일시,발생분,주야,요일,사망자수,사상자수,중상자수,경상자수,부상신고자수,발생지시도,발생지시군구,사고유형_대분류,사고유형_중분류,사고유형,법규위반_대분류,법규위반,도로형태_대분류,도로형태,당사자종별_1당_대분류,당사자종별_1당,당사자종별_2당_대분류,당사자종별_2당,발생위치X_UTMK,발생위치Y_UTMK,경도,위도
2016,2016020310,50,주간,수,1,1,0,0,0,서울,성북구,차대사람,기타,기타,운전자법규위반,과속,단일로,기타단일로,화물차,소형,보행자,보행자,959322  ,1955434 ,127.03919191,37.59741779
2016,2016021010,40,주간,수,1,1,0,0,0,경남,김해시,차대사람,횡단중,횡단중,운전자법규위반,안전운전 의무 불이행,단일로,기타단일로,화물차,소형,보행자,보행자,1112248 ,1701566 ,128.73463435,35.30332996
2016,2016021005,10,야간,수,1,4,3,0,0,서울,광진구,차대차,측면직각충돌,측면직각충돌,운전자법규위반,신호위반,교차로,교차로내,승용차,중형,승용차,중형,962601  ,1951739 ,127.07652475,37.56425284
2016,2016021116,25,주간,목,1,1,0,0,0,충남,금산군,차량단독,전도전복,전도전복,운전자법규위반,안전운전 의무 불이행,교차로,교차로내,농기계,농기계,,,1006956 ,1785462 ,127.5772439,36.0660487
2016,2016020920,00,야간,화,1,1,0,0,0,전남,화순군,차대사람,횡단중,횡단중,운전자법규위반,안전운전 의무 불이행,단일로,기타단일로,승용차,경형,보행자,보행자,946061  ,1672861 ,126.90854665,35.0493529
2016,2016021019,00,야간,수,1,1,0,0,0,경기,시흥시,차대사람,횡단중,횡단중,운전자법규위반,안전운전 의무 불이행,교차로,교차로내,승용차,중형,보행자,보행자,941007  ,1939624 ,126.83299698,37.45392966
2016,2016020919,15,야간,화,1,1,0,0,0,충남,논산시,차대차,추돌,진행중 추돌,운전자법규위반,안전거리 미확보,단일로,기타단일로,승용차,중형,자전거,자전거,961346  ,1801845 ,127.06996108,36.21300569
2016,2016010423,40,야간,월,3,3,0,0,0,인천,서구,차량단독,공작물충돌,공작물충돌,운전자법규위반,안전운전 의무 불이행,단일로,기타단일로,승용차,소형,,,924785  ,1950935 ,126.64844266,37.55469449
2016,2016020411,23,주간,목,1,1,0,0,0,전북,장수군,차대차,추돌,진행중 추돌,운전자법규위반,안전운전 의무 불이행,단일로,기타단일로,승용차,대형,화물차,소형,1004379 ,1748721 ,127.54842505,35.73480353
2016,2016050815,10,주간,일,1,4,1,1,1,경기,평택시,차대차,추돌,진행중 추돌,운전자법규위반,안전운전 의무 불이행,단일로,기타단일로,승용차,대형,승합차,중형,954190  ,1893125 ,126.98490447,37.03554938
2016,2016062806,10,주간,화,1,1,0,0,0,대전,대덕구,차대차,추돌,진행중 추돌,운전자법규위반,안전운전 의무 불이행,기타/불명,기타/불명,화물차,대형,화물차,중형,992677  ,1825428 ,127.41830656,36.42636202
2016,2016060221,58,야간,목,1,1,0,0,0,전남,함평군,차대차,추돌,진행중 추돌,운전자법규위반,기타(운전자법규위반),단일로,기타단일로,승용차,경형,화물차,소형,916073  ,1674875 ,126.57954863,35.06546298
2016,2016052421,27,야간,화,1,1,0,0,0,전북,고창군,차대사람,기타,기타,운전자법규위반,안전운전 의무 불이행,단일로,기타단일로,승합차,대형,보행자,보행자,926120  ,1724990 ,126.68521083,35.51809075
2016,2016070116,30,주간,금,1,1,0,0,0,충북,음성군,차대차,기타,기타,운전자법규위반,안전운전 의무 불이행,단일로,기타단일로,화물차,중형,화물차,소형,1015656 ,1902710 ,127.68695369,37.1201584
2016,2016120213,35,주간,금,1,2,0,1,0,경남,창녕군,차대차,추돌,진행중 추돌,운전자법규위반,안전운전 의무 불이행,단일로,기타단일로,화물차,중형,화물차,중형,1091555 ,1722538 ,128.50941766,35.49451122
2016,2016111001,12,야간,목,1,2,0,1,0,충북,괴산군,차대차,추돌,진행중 추돌,운전자법규위반,안전운전 의무 불이행,단일로,기타단일로,승용차,중형,화물차,중형,1040807 ,1870960 ,127.95764644,36.83597966
2016,2016112906,50,주간,화,1,1,0,0,0,전북,완주군,차대차,추돌,진행중 추돌,운전자법규위반,안전운전 의무 불이행,단일로,기타단일로,화물차,대형,승용차,경형,958052  ,1759343 ,127.03556927,35.82968679
2016,2016082216,10,주간,월,1,1,0,0,0,경기,성남시,차량단독,공작물충돌,공작물충돌,운전자법규위반,안전운전 의무 불이행,단일로,기타단일로,승용차,중형,,,964745  ,1934345 ,127.10163443,37.40755713
2016,2016090800,01,야간,목,2,2,0,0,0,경기,고양시,차대차,추돌,진행중 추돌,운전자법규위반,안전운전 의무 불이행,단일로,기타단일로,특수차,대형,승용차,소형,941290  ,1963377 ,126.83429435,37.66803264
2016,2016081823,15,야간,목,1,2,0,1,0,충북,충주시,차대차,추돌,진행중 추돌,운전자법규위반,안전운전 의무 불이행,단일로,기타단일로,화물차,소형,화물차,중형,1030800 ,1887047 ,127.84607551,36.98137339
2016,2016051300,40,야간,금,1,2,0,1,0,충북,충주시,차대차,기타,기타,운전자법규위반,안전운전 의무 불이행,단일로,기타단일로,화물차,중형,화물차,중형,1029859 ,1891840 ,127.83569231,37.02460914
2016,2016063003,20,야간,목,1,1,0,0,0,경북,성주군,차대차,추돌,진행중 추돌,운전자법규위반,안전운전 의무 불이행,단일로,기타단일로,화물차,소형,화물차,대형,1068384 ,1779141 ,128.25880342,36.00668397
2016,2016062823,45,야간,화,3,6,2,1,0,경기,광주시,차대차,기타,기타,운전자법규위반,안전운전 의무 불이행,단일로,기타단일로,승용차,중형,건설기계,건설기계,984076  ,1928377 ,127.3201929,37.35429694
2016,2016060703,25,야간,화,1,2,0,1,0,충남,서천군,차대차,추돌,진행중 추돌,운전자법규위반,안전운전 의무 불이행,단일로,기타단일로,화물차,대형,화물차,대형,921619  ,1792736 ,126.62892833,36.12848718
2016,2016011811,04,주간,월,1,1,0,0,0,충남,청양군,차대사람,횡단중,횡단중,운전자법규위반,과속,단일로,기타단일로,승용차,중형,보행자,보행자,951344  ,1823523 ,126.95733683,36.40798284
2016,2016011905,56,야간,화,1,1,0,0,0,서울,은평구,차대사람,횡단중,횡단중,운전자법규위반,안전운전 의무 불이행,단일로,횡단보도부근,승합차,대형,보행자,보행자,948814  ,1958512 ,126.91994488,37.62463514
2016,2016012322,40,야간,토,1,1,0,0,0,서울,강동구,차대사람,횡단중,횡단중,운전자법규위반,신호위반,교차로,교차로내,승합차,대형,보행자,보행자,970962  ,1950933 ,127.17122807,37.55728964
2016,2016012219,25,야간,금,1,1,0,0,0,대구,북구,차대차,측면직각충돌,측면직각충돌,운전자법규위반,안전운전 의무 불이행,교차로,교차로내,화물차,중형,원동기장치자전거,원동기장치자전거,1096128 ,1767101 ,128.56500561,35.89586665
2016,2016012218,00,야간,금,1,1,0,0,0,경북,경주시,차대사람,횡단중,횡단중,운전자법규위반,안전운전 의무 불이행,교차로,교차로부근,승합차,경형,보행자,보행자,1154145 ,1762698 ,129.20696239,35.84870693
2016,2016012718,45,야간,수,1,1,0,0,0,전북,익산시,차대사람,횡단중,횡단중,운전자법규위반,안전운전 의무 불이행,단일로,기타단일로,승용차,경형,보행자,보행자,944991  ,1770649 ,126.89018899,35.93097157
2016,2016012719,00,야간,수,1,1,0,0,0,충남,당진시,차대사람,횡단중,횡단중,운전자법규위반,안전운전 의무 불이행,단일로,기타단일로,화물차,소형,보행자,보행자,923392  ,1870378 ,126.64093899,36.82851044
2016,2016012718,15,야간,수,1,1,0,0,0,경남,거창군,차대차,추돌,진행중 추돌,운전자법규위반,안전운전 의무 불이행,단일로,기타단일로,화물차,소형,농기계,농기계,1037715 ,1751467 ,127.91719454,35.75884862
2016,2016020218,55,야간,화,1,1,0,0,0,강원,원주시,차대사람,횡단중,횡단중,운전자법규위반,안전운전 의무 불이행,교차로,교차로내,승용차,경형,보행자,보행자,1040600 ,1927448 ,127.95838152,37.34517165
2016,2016020307,10,주간,수,1,1,0,0,0,전남,완도군,차량단독,전도전복,전도전복,운전자법규위반,안전운전 의무 불이행,단일로,기타단일로,농기계,농기계,,,935760  ,1600540 ,126.80111053,34.39661856
2016,2016020310,50,주간,수,1,5,2,2,0,경기,고양시,차대차,측면직각충돌,측면직각충돌,운전자법규위반,신호위반,교차로,교차로내,승합차,소형,승용차,대형,937433  ,1961760 ,126.79070195,37.65320412
2016,2016013114,57,주간,일,1,1,0,0,0,부산,사상구,차량단독,도로이탈,도로이탈 추락,운전자법규위반,안전운전 의무 불이행,단일로,기타단일로,건설기계,건설기계,,,1134153 ,1683367 ,128.97253366,35.13658273
2016,2016013115,46,주간,일,1,1,0,0,0,전남,보성군,차대사람,기타,기타,운전자법규위반,안전운전 의무 불이행,단일로,기타단일로,건설기계,건설기계,보행자,보행자,959398  ,1630403 ,127.05684342,34.66711779
2016,2016013023,20,야간,토,1,1,0,0,0,경기,성남시,차대사람,기타,기타,운전자법규위반,안전운전 의무 불이행,교차로,교차로내,승용차,중형,보행자,보행자,967256  ,1938070 ,127.12984178,37.44122496
2016,2016013022,10,야간,토,1,1,0,0,0,경기,시흥시,차대사람,횡단중,횡단중,운전자법규위반,보행자 보호의무 위반,교차로,교차로내,화물차,소형,보행자,보행자,937106  ,1939100 ,126.78893813,37.44894967
2016,2016013020,45,야간,토,1,1,0,0,0,울산,울주군,차대사람,횡단중,횡단중,운전자법규위반,안전운전 의무 불이행,단일로,횡단보도부근,승용차,경형,보행자,보행자,1150239 ,1739912 ,129.15945586,35.64395418
2016,2016013007,00,주간,토,1,1,0,0,0,대전,서구,차대사람,횡단중,횡단중,운전자법규위반,안전운전 의무 불이행,교차로,교차로내,승합차,대형,보행자,보행자,989253  ,1812878 ,127.38028286,36.31318692
2016,2016111221,39,야간,토,1,3,0,2,0,충남,금산군,차대차,정면충돌,정면충돌,운전자법규위반,안전운전 의무 불이행,단일로,기타단일로,승용차,경형,화물차,소형,1003244 ,1787607 ,127.5360323,36.08540712
2016,2016010218,12,야간,토,1,1,0,0,0,광주,동구,차대사람,횡단중,횡단중,운전자법규위반,안전운전 의무 불이행,단일로,기타단일로,승용차,경형,보행자,보행자,948291  ,1681062 ,126.93248603,35.12341699
2016,2016010923,50,야간,토,2,2,0,0,0,강원,원주시,차대차,기타,기타,운전자법규위반,과속,교차로,교차로부근,승용차,중형,승용차,중형,1039339 ,1926288 ,127.94408342,37.33477013
2016,2016010810,50,주간,금,1,1,0,0,0,대구,북구,차대차,측면직각충돌,측면직각충돌,운전자법규위반,기타(운전자법규위반),단일로,기타단일로,화물차,소형,자전거,자전거,1096250 ,1766433 ,128.56620763,35.89023475
2016,2016010613,20,주간,수,1,1,0,0,0,경기,이천시,차량단독,전도전복,전도전복,운전자법규위반,안전운전 의무 불이행,단일로,교량위,원동기장치자전거,원동기장치자전거,,,996193  ,1926182 ,127.45702414,37.33464027
2016,2016011615,15,주간,토,1,2,0,1,0,충북,음성군,차대차,기타,기타,운전자법규위반,안전운전 의무 불이행,단일로,기타단일로,승용차,경형,승용차,경형,1011849 ,1873683 ,127.63292961,36.86133305
2016,2016012201,05,야간,금,1,1,0,0,0,경북,칠곡군,차량단독,기타,기타,운전자법규위반,안전운전 의무 불이행,단일로,기타단일로,이륜차,대형,,,1082183 ,1782696 ,128.41227345,36.03766518
2016,2016011817,40,주간,월,1,3,1,1,0,광주,광산구,차량단독,공작물충돌,공작물충돌,운전자법규위반,안전운전 의무 불이행,단일로,기타단일로,화물차,소형,,,932507  ,1678354 ,126.75948657,35.09806541
2016,2016012516,10,주간,월,1,1,0,0,0,경기,포천시,차대사람,횡단중,횡단중,운전자법규위반,안전운전 의무 불이행,단일로,기타단일로,화물차,소형,보행자,보행자,976140  ,1974447 ,127.22908421,37.76937744
2016,2016013003,10,야간,토,1,1,0,0,0,대구,달서구,차대사람,횡단중,횡단중,운전자법규위반,안전운전 의무 불이행,단일로,기타단일로,승용차,대형,보행자,보행자,1091169 ,1762130 ,128.50964803,35.85147013
2016,2016012822,41,야간,목,1,1,0,0,0,서울,강서구,차대차,추돌,진행중 추돌,운전자법규위반,기타(운전자법규위반),단일로,기타단일로,화물차,소형,화물차,소형,939583  ,1954330 ,126.81568813,37.58638277
2016,2016013000,56,야간,토,1,1,0,0,0,경남,진주시,차대사람,횡단중,횡단중,운전자법규위반,신호위반,단일로,횡단보도부근,승용차,중형,보행자,보행자,1054008 ,1687227 ,128.09314793,35.17888438
2016,2016012715,40,주간,수,1,1,0,0,0,대전,대덕구,차대사람,횡단중,횡단중,운전자법규위반,보행자 보호의무 위반,교차로,교차로내,화물차,소형,보행자,보행자,993411  ,1826814 ,127.42648308,36.43886252
2016,2016012810,40,주간,목,1,1,0,0,0,전북,임실군,차대차,측면직각충돌,측면직각충돌,운전자법규위반,안전운전 의무 불이행,교차로,교차로내,화물차,소형,화물차,소형,981470  ,1725730 ,127.29561542,35.52734179
2016,2016020312,50,주간,수,1,1,0,0,0,경북,김천시,차대차,측면직각충돌,측면직각충돌,운전자법규위반,안전운전 의무 불이행,교차로,교차로내,화물차,소형,이륜차,소형,1055695 ,1798592 ,128.11938635,36.18284812
2016,2016020205,50,야간,화,1,1,0,0,0,부산,수영구,차대사람,횡단중,횡단중,운전자법규위반,안전운전 의무 불이행,단일로,기타단일로,승용차,중형,보행자,보행자,1147092 ,1684609 ,129.11473809,35.14596889
2016,2016020121,00,야간,월,1,1,0,0,0,경북,경주시,차대사람,횡단중,횡단중,운전자법규위반,안전운전 의무 불이행,단일로,기타단일로,승용차,경형,보행자,보행자,1141986 ,1758937 ,129.07169537,35.81664695
2016,2016020307,40,주간,수,1,1,0,0,0,경남,창원시(통합),차대차,측면직각충돌,측면직각충돌,운전자법규위반,신호위반,교차로,교차로부근,이륜차,소형,승용차,경형,1103568 ,1691471 ,128.63790615,35.21325773
2016,2016021016,01,주간,수,1,4,0,3,0,충남,예산군,차대차,측면직각충돌,측면직각충돌,운전자법규위반,신호위반,교차로,교차로내,승용차,중형,승용차,대형,941997  ,1858615 ,126.85045147,36.72380087
2016,2016020605,24,야간,토,1,2,0,1,0,경북,포항시,차대차,추돌,진행중 추돌,운전자법규위반,안전운전 의무 불이행,교차로,교차로부근,승용차,중형,화물차,대형,1169662 ,1780041 ,129.38241601,36.00242466
2016,2016020602,45,야간,토,1,2,1,0,0,광주,서구,차대사람,횡단중,횡단중,운전자법규위반,과속,교차로,교차로내,승용차,중형,보행자,보행자,941665  ,1682110 ,126.85969454,35.13250418
2016,2016020506,48,주간,금,1,1,0,0,0,경기,부천시,차대사람,횡단중,횡단중,운전자법규위반,안전운전 의무 불이행,단일로,횡단보도상,승용차,대형,보행자,보행자,935513  ,1947013 ,126.77023604,37.52015949
2016,2016062221,21,야간,수,1,2,0,1,0,충북,영동군,차대차,추돌,진행중 추돌,운전자법규위반,안전운전 의무 불이행,단일로,기타단일로,화물차,대형,화물차,대형,1036025 ,1802636 ,127.90082744,36.2202384
2016,2016062213,05,주간,수,2,8,2,2,2,충북,보은군,차대차,추돌,진행중 추돌,운전자법규위반,안전운전 의무 불이행,단일로,기타단일로,특수차,대형,화물차,소형,1011388 ,1830883 ,127.62712164,36.47550052
2016,2016092122,35,야간,수,1,3,2,0,0,전북,김제시,차량단독,공작물충돌,공작물충돌,운전자법규위반,안전운전 의무 불이행,단일로,기타단일로,승용차,중형,,,940448  ,1760676 ,126.84057557,35.84079345
2016,2016100116,07,주간,토,1,8,3,4,0,경북,문경시,차대차,추돌,진행중 추돌,운전자법규위반,안전운전 의무 불이행,단일로,기타단일로,건설기계,건설기계,화물차,대형,1054598 ,1855440 ,128.11161153,36.69383137
2016,2016110210,10,주간,수,1,3,1,1,0,충북,청주시,차대차,추돌,진행중 추돌,운전자법규위반,안전운전 의무 불이행,단일로,기타단일로,승용차,중형,화물차,중형,993907  ,1839330 ,127.43191851,36.55169991
2016,2016030306,25,주간,목,1,1,0,0,0,경기,광명시,차대차,추돌,진행중 추돌,운전자법규위반,안전운전 의무 불이행,단일로,기타단일로,승용차,중형,건설기계,건설기계,945254  ,1936674 ,126.88123191,37.42760188
2016,2016011502,44,야간,금,1,1,0,0,0,경기,평택시,차대차,측면직각충돌,측면직각충돌,운전자법규위반,안전운전 의무 불이행,단일로,기타단일로,승합차,소형,승용차,소형,969100  ,1888950 ,127.1662571,36.97499224
2016,2016022706,30,주간,토,1,6,1,4,0,경기,이천시,차대차,측면직각충돌,측면직각충돌,운전자법규위반,과속,단일로,기타단일로,승용차,중형,승합차,소형,990044  ,1920173 ,127.38769097,37.28042991
2016,2016020704,33,야간,일,1,8,0,7,0,인천,연수구,차대차,추돌,진행중 추돌,운전자법규위반,안전운전 의무 불이행,단일로,교량위,승용차,소형,승용차,중형,915704  ,1936754 ,126.54726796,37.426103
2016,2016040410,55,주간,월,1,1,0,0,0,인천,남구,차대차,추돌,진행중 추돌,운전자법규위반,안전운전 의무 불이행,단일로,기타단일로,화물차,소형,화물차,대형,923445  ,1938798 ,126.63453675,37.44519776
2016,2016032117,15,주간,월,1,1,0,0,0,전북,남원시,차량단독,전도전복,전도전복,운전자법규위반,안전운전 의무 불이행,교차로,교차로내,농기계,농기계,,,1010527 ,1718287 ,127.61597836,35.4603939
2016,2016101401,27,야간,금,1,1,0,0,0,대구,북구,차량단독,공작물충돌,공작물충돌,운전자법규위반,안전운전 의무 불이행,단일로,기타단일로,승용차,중형,,,1092703 ,1769433 ,128.52748393,35.9171603
2016,2016022406,40,주간,수,1,2,0,1,0,경남,함안군,차대차,추돌,진행중 추돌,운전자법규위반,안전운전 의무 불이행,단일로,기타단일로,화물차,대형,화물차,대형,1094596 ,1699611 ,128.54028269,35.28753085
2016,2016011114,00,주간,월,1,7,0,6,0,전남,무안군,차대차,추돌,진행중 추돌,운전자법규위반,안전운전 의무 불이행,단일로,터널안,승합차,대형,승용차,대형,908561  ,1657254 ,126.4991087,34.90593749
2016,2016050409,40,주간,수,1,1,0,0,0,충남,당진시,차대차,추돌,진행중 추돌,운전자법규위반,안전운전 의무 불이행,단일로,기타단일로,화물차,소형,화물차,중형,921971  ,1873328 ,126.62470295,36.85498442
2016,2016111204,10,야간,토,2,5,2,1,0,충남,천안시,차대차,기타,기타,운전자법규위반,신호위반,기타/불명,기타/불명,화물차,중형,화물차,중형,971388  ,1872391 ,127.17906301,36.84932723
2016,2016100503,18,야간,수,1,5,1,3,0,경기,성남시,차대차,기타,기타,운전자법규위반,안전운전 의무 불이행,단일로,기타단일로,화물차,대형,승용차,중형,966863  ,1936530 ,127.12546833,37.42733006
2016,2016071920,17,야간,화,1,1,0,0,0,충남,서산시,차대차,추돌,진행중 추돌,운전자법규위반,안전거리 미확보,단일로,기타단일로,화물차,대형,화물차,대형,917023  ,1867540 ,126.56983658,36.80239265
2016,2016050711,34,주간,토,1,11,3,7,0,충남,논산시,차대차,추돌,진행중 추돌,운전자법규위반,안전운전 의무 불이행,기타/불명,기타/불명,승용차,중형,승용차,중형,962224  ,1789618 ,127.08056362,36.10276862
2016,2016031114,27,주간,금,1,10,4,5,0,경북,문경시,차대차,추돌,진행중 추돌,운전자법규위반,안전거리 미확보,단일로,터널안,승용차,경형,승용차,대형,1056495 ,1851974 ,128.13217178,36.66402756
2016,2016060313,10,주간,금,1,4,1,2,0,대구,북구,차대차,추돌,진행중 추돌,운전자법규위반,안전운전 의무 불이행,단일로,기타단일로,화물차,소형,화물차,중형,1097224 ,1768494 ,128.57747037,35.90825647
2016,2016091200,40,야간,월,1,3,1,1,0,대전,동구,차대차,정면충돌,정면충돌,운전자법규위반,중앙선 침범,단일로,기타단일로,화물차,소형,승용차,소형,996664  ,1810714 ,127.46284756,36.29373158
2016,2016090415,53,주간,일,1,3,1,1,0,경남,김해시,차량단독,공작물충돌,공작물충돌,운전자법규위반,안전운전 의무 불이행,단일로,기타단일로,화물차,소형,,,1126778 ,1693086 ,128.89310326,35.22515114
2016,2016072204,46,야간,금,1,1,0,0,0,충북,영동군,차대차,추돌,진행중 추돌,운전자법규위반,안전운전 의무 불이행,단일로,기타단일로,화물차,중형,화물차,대형,1031779 ,1805639 ,127.85370767,36.24746061
2016,2016083002,20,야간,화,1,2,0,1,0,경북,칠곡군,차대차,추돌,진행중 추돌,운전자법규위반,안전운전 의무 불이행,단일로,기타단일로,화물차,대형,화물차,대형,1088574 ,1770445 ,128.48171015,35.92694212
2016,2016052800,28,야간,토,1,1,0,0,0,경기,화성시,차대차,기타,기타,운전자법규위반,안전운전 의무 불이행,단일로,기타단일로,승용차,경형,화물차,대형,939649  ,1902246 ,126.8206791,37.11694077
2016,2016063002,30,야간,목,2,4,1,1,0,경기,평택시,차대차,기타,기타,운전자법규위반,안전운전 의무 불이행,단일로,기타단일로,화물차,대형,화물차,소형,941919  ,1884220 ,126.84762055,36.95460187
2016,2016061501,15,야간,수,1,2,0,1,0,경기,화성시,차대차,추돌,진행중 추돌,운전자법규위반,안전운전 의무 불이행,단일로,기타단일로,승용차,소형,화물차,대형,945252  ,1916484 ,126.8827004,37.24562141
2016,2016060206,06,주간,목,1,5,0,4,0,인천,남구,차대차,추돌,진행중 추돌,운전자법규위반,안전운전 의무 불이행,기타/불명,기타/불명,화물차,소형,화물차,중형,925079  ,1937860 ,126.65310273,37.4368776
2016,2016051200,28,야간,목,1,5,0,4,0,충북,충주시,차대차,정면충돌,정면충돌,운전자법규위반,안전운전 의무 불이행,단일로,터널안,화물차,대형,화물차,대형,1031642 ,1882088 ,127.85532848,36.93664344
2016,2016051609,45,주간,월,4,6,2,0,0,경남,함안군,차대차,추돌,진행중 추돌,운전자법규위반,안전거리 미확보,단일로,터널안,승합차,대형,승합차,대형,1097856 ,1699843 ,128.57615541,35.28930881
2016,2016100803,10,야간,토,1,1,0,0,0,충북,청주시,차대차,추돌,진행중 추돌,운전자법규위반,안전운전 의무 불이행,단일로,기타단일로,화물차,중형,화물차,중형,995430  ,1858424 ,127.44882236,36.72384038
2016,2016090914,28,주간,금,1,2,1,0,0,경기,안산시,차대차,추돌,진행중 추돌,운전자법규위반,안전운전 의무 불이행,단일로,기타단일로,화물차,중형,승용차,중형,943639  ,1927101 ,126.86370889,37.34122075
2016,2016062013,25,주간,월,1,1,0,0,0,경북,칠곡군,차대차,기타,기타,운전자법규위반,안전운전 의무 불이행,단일로,기타단일로,화물차,대형,화물차,중형,1094304 ,1779575 ,128.54678248,36.00785029
2016,2016051604,45,야간,월,1,1,0,0,0,경남,양산시,차량단독,공작물충돌,공작물충돌,운전자법규위반,안전운전 의무 불이행,단일로,기타단일로,승용차,중형,,,1138835 ,1704539 ,129.02748933,35.32678946
2016,2016051823,25,야간,수,1,1,0,0,0,충북,단양군,차량단독,공작물충돌,공작물충돌,운전자법규위반,안전운전 의무 불이행,단일로,기타단일로,화물차,소형,,,1072076 ,1883878 ,128.30952907,36.95055166
2016,2016010217,50,주간,토,1,3,2,0,0,충남,논산시,차량단독,공작물충돌,공작물충돌,운전자법규위반,안전운전 의무 불이행,단일로,기타단일로,승용차,중형,,,974796  ,1801564 ,127.2196039,36.21091648
2016,2016010911,40,주간,토,2,2,0,0,0,경기,파주시,차대차,측면직각충돌,측면직각충돌,운전자법규위반,신호위반,교차로,교차로내,승용차,중형,화물차,대형,939346  ,1971623 ,126.81156592,37.74222491
2016,2016010800,20,야간,금,1,1,0,0,0,서울,마포구,차량단독,공작물충돌,공작물충돌,운전자법규위반,안전운전 의무 불이행,단일로,기타단일로,이륜차,소형,,,945186  ,1953397 ,126.87921663,37.57832448
2016,2016010621,15,야간,수,1,4,0,2,1,경기,용인시,차대차,측면직각충돌,측면직각충돌,운전자법규위반,중앙선 침범,단일로,기타단일로,승용차,중형,승합차,대형,973642  ,1905677 ,127.20318149,37.14944311
2016,2016010704,50,야간,목,1,1,0,0,0,경북,안동시,차대사람,횡단중,횡단중,운전자법규위반,안전운전 의무 불이행,교차로,교차로부근,승용차,경형,보행자,보행자,1112061 ,1840840 ,128.75222311,36.55875584
2016,2016011205,40,야간,화,1,1,0,0,0,경기,군포시,차대사람,횡단중,횡단중,운전자법규위반,안전운전 의무 불이행,교차로,교차로내,승용차,중형,보행자,보행자,948954  ,1929338 ,126.92355585,37.3616913
2016,2016011721,50,야간,일,1,3,2,0,0,충북,보은군,차대차,기타,기타,운전자법규위반,안전운전 의무 불이행,단일로,기타단일로,승용차,중형,화물차,소형,1025695 ,1834853 ,127.7869581,36.51101343
2016,2016011805,20,야간,월,1,1,0,0,0,경기,포천시,차대차,측면직각충돌,측면직각충돌,운전자법규위반,안전운전 의무 불이행,단일로,기타단일로,원동기장치자전거,원동기장치자전거,화물차,중형,971981  ,1985753 ,127.18142424,37.87116081
2016,2016011602,05,야간,토,1,1,0,0,0,부산,금정구,차량단독,공작물충돌,공작물충돌,운전자법규위반,안전운전 의무 불이행,단일로,기타단일로,승용차,대형,,,1144798 ,1696081 ,129.09158012,35.24970655
2016,2016011523,30,야간,금,1,1,0,0,0,전남,보성군,차량단독,전도전복,전도전복,운전자법규위반,안전운전 의무 불이행,단일로,기타단일로,승용차,대형,,,967003  ,1648425 ,127.13914158,34.82990709
2016,2016012118,40,야간,목,1,3,0,2,0,전남,여수시,차대차,정면충돌,정면충돌,운전자법규위반,중앙선 침범,단일로,기타단일로,승용차,소형,승용차,중형,1021519 ,1637393 ,127.73505274,34.73073148
2016,2016012118,05,야간,목,1,1,0,0,0,경북,울진군,차대사람,횡단중,횡단중,운전자법규위반,안전운전 의무 불이행,단일로,기타단일로,승용차,대형,보행자,보행자,1172904 ,1853957 ,129.43477444,36.6678623
2016,2016052810,09,주간,토,1,1,0,0,0,경기,광주시,차대차,추돌,진행중 추돌,운전자법규위반,안전운전 의무 불이행,단일로,기타단일로,화물차,중형,건설기계,건설기계,983909  ,1929064 ,127.31829228,37.36048657
2016,2016052217,46,주간,일,1,5,3,1,0,경기,안양시,차대사람,차도통행중,차도통행중,운전자법규위반,안전운전 의무 불이행,단일로,기타단일로,승합차,중형,보행자,보행자,946707  ,1936226 ,126.89768598,37.42364876
2016,2016111506,21,주간,화,1,2,0,1,0,충남,천안시,차대차,기타,기타,운전자법규위반,안전운전 의무 불이행,단일로,기타단일로,화물차,대형,화물차,대형,970342  ,1866605 ,127.168377,36.79521266
2016,2016010422,50,야간,월,1,1,0,0,0,경북,경주시,차대사람,횡단중,횡단중,운전자법규위반,안전운전 의무 불이행,단일로,기타단일로,특수차,경형,보행자,보행자,1155745 ,1765162 ,129.22515444,35.87065968
2016,2016010410,30,주간,월,1,1,0,0,0,경기,파주시,차대차,측면직각충돌,측면직각충돌,운전자법규위반,안전거리 미확보,단일로,기타단일로,자전거,자전거,화물차,소형,939518  ,1971529 ,126.81352585,37.7413891
2016,2016010111,05,주간,금,1,1,0,0,0,전남,화순군,차대차,측면직각충돌,측면직각충돌,운전자법규위반,신호위반,교차로,교차로내,원동기장치자전거,원동기장치자전거,승용차,대형,952729  ,1673528 ,126.98162193,35.05570165
2016,2016010114,20,주간,금,1,2,0,1,0,전남,해남군,차대차,정면충돌,정면충돌,운전자법규위반,중앙선 침범,단일로,기타단일로,이륜차,사발이,승용차,중형,902266  ,1621029 ,126.4344163,34.57873674