발생년,발생년월일시,발생분,주야,요일,사망자수,사상자수,중상자수,경상자수,부상신고자수,발생지시도,발생지시군구,사고유형_대분류,사고유형_중분류,사고유형,법규위반_대분류,법규위반,도로형태_대분류,도로형태,당사자종별_1당_대분류,당사자종별_1당,당사자종별_2당_대분류,당사자종별_2당,발생위치X_UTMK,발생위치Y_UTMK,경도,위도
2016,2016102205,28,야간,토,1,1,0,0,0,경북,성주군,차대사람,기타,기타,운전자법규위반,안전운전 의무 불이행,단일로,기타단일로,특수차,대형,보행자,보행자,1074295 ,1768685 ,128.32340821,35.91198955
2016,2016102300,42,야간,일,1,1,0,0,0,서울,성동구,차대사람,횡단중,횡단중,운전자법규위반,과속,단일로,기타단일로,승용차,중형,보행자,보행자,958155  ,1951900 ,127.02521173,37.56498241
2016,2016102718,03,야간,목,1,1,0,0,0,전북,김제시,차대사람,횡단중,횡단중,운전자법규위반,안전운전 의무 불이행,단일로,기타단일로,승합차,소형,보행자,보행자,946154  ,1755469 ,126.90394522,35.79425898
2016,2016102206,20,주간,토,1,1,0,0,0,경북,포항시,차대사람,횡단중,횡단중,운전자법규위반,안전운전 의무 불이행,단일로,기타단일로,화물차,소형,보행자,보행자,1168329 ,1781292 ,129.36789934,36.01392873
2016,2016102220,33,야간,토,1,1,0,0,0,경북,구미시,차대사람,횡단중,횡단중,운전자법규위반,보행자 보호의무 위반,단일로,횡단보도상,승용차,경형,보행자,보행자,1074793 ,1793546 ,128.33127803,36.13607248
2016,2016102314,00,주간,일,1,1,0,0,0,광주,북구,차대차,기타,기타,운전자법규위반,안전운전 의무 불이행,단일로,기타단일로,승용차,중형,승용차,중형,948733  ,1685316 ,126.9370728,35.16179704
2016,2016102418,15,야간,월,1,1,0,0,0,경북,상주시,차대차,추돌,진행중 추돌,운전자법규위반,안전운전 의무 불이행,단일로,기타단일로,화물차,소형,농기계,농기계,1063079 ,1829735 ,128.2040196,36.46314231
2016,2016102507,45,주간,화,1,1,0,0,0,전북,익산시,차대차,측면직각충돌,측면직각충돌,운전자법규위반,직진 및 우회전차의 통행방해,교차로,교차로내,승용차,중형,승용차,대형,950543  ,1771827 ,126.95166054,35.94188883
2016,2016102703,02,야간,목,1,1,0,0,0,경기,김포시,차량단독,전도전복,전도전복,운전자법규위반,안전거리 미확보,단일로,기타단일로,이륜차,소형,,,922352  ,1958011 ,126.62014967,37.61826486
2016,2016102822,10,야간,금,1,2,0,1,0,경북,울진군,차대차,추돌,진행중 추돌,운전자법규위반,안전운전 의무 불이행,단일로,기타단일로,승용차,소형,승용차,중형,1169108 ,1886856 ,129.39963226,36.96495677
2016,2016091320,35,야간,화,1,1,0,0,0,전북,전주시,차대사람,횡단중,횡단중,운전자법규위반,안전운전 의무 불이행,단일로,기타단일로,승합차,대형,보행자,보행자,966035  ,1756665 ,127.12406565,35.80585091
2016,2016092105,35,야간,수,1,2,1,0,0,경북,안동시,차대사람,횡단중,횡단중,운전자법규위반,보행자 보호의무 위반,교차로,교차로내,승용차,경형,보행자,보행자,1107801 ,1842116 ,128.70480815,36.57074696
2016,2016092915,27,주간,목,2,2,0,0,0,경기,부천시,차대차,정면충돌,정면충돌,운전자법규위반,안전운전 의무 불이행,교차로,교차로내,승용차,중형,이륜차,중형,939183  ,1942296 ,126.81215469,37.47789439
2016,2016092709,05,주간,화,1,2,0,1,0,경북,문경시,차대사람,횡단중,횡단중,운전자법규위반,안전운전 의무 불이행,단일로,기타단일로,이륜차,소형,보행자,보행자,1062354 ,1843318 ,128.1970261,36.5856335
2016,2016092509,15,주간,일,1,1,0,0,0,충북,단양군,차량단독,전도전복,전도전복,운전자법규위반,안전운전 의무 불이행,기타/불명,기타/불명,농기계,농기계,,,1079356 ,1901452 ,128.39313944,37.10836571
2016,2016083113,40,주간,수,1,1,0,0,0,충남,아산시,차대사람,횡단중,횡단중,운전자법규위반,안전운전 의무 불이행,단일로,기타단일로,승용차,중형,보행자,보행자,953077  ,1861422 ,126.97435343,36.74971686
2016,2016090111,40,주간,목,1,2,1,0,0,전남,장흥군,차대차,정면충돌,정면충돌,운전자법규위반,중앙선 침범,단일로,기타단일로,건설기계,건설기계,승용차,대형,944342  ,1627597 ,126.89270411,34.64110677
2016,2016090110,23,주간,목,1,2,1,0,0,경북,의성군,차대차,기타,기타,운전자법규위반,안전운전 의무 불이행,고가도로위,고가도로위,화물차,소형,농기계,농기계,1104535 ,1826448 ,128.66619361,36.42988966
2016,2016090416,18,주간,일,1,1,0,0,0,전남,고흥군,차대차,정면충돌,정면충돌,운전자법규위반,안전운전 의무 불이행,단일로,기타단일로,농기계,농기계,이륜차,소형,983980  ,1623092 ,127.32528367,34.60186766
2016,2016083010,15,주간,화,1,1,0,0,0,경남,창원시(통합),차대차,측면직각충돌,측면직각충돌,운전자법규위반,안전운전 의무 불이행,교차로,교차로부근,이륜차,소형,화물차,중형,1090864 ,1682289 ,128.49733537,35.13170589
2016,2016090602,00,야간,화,1,1,0,0,0,인천,남동구,차량단독,공작물충돌,공작물충돌,운전자법규위반,안전운전 의무 불이행,단일로,교량위,이륜차,소형,,,932631  ,1936006 ,126.73863153,37.42074835
2016,2016090108,25,주간,목,1,1,0,0,0,인천,남동구,차대차,정면충돌,정면충돌,운전자법규위반,중앙선 침범,단일로,기타단일로,자전거,자전거,승용차,중형,931182  ,1939142 ,126.72196454,37.44890631
2016,2016101007,04,주간,월,1,1,0,0,0,전남,신안군,차대차,기타,기타,운전자법규위반,안전운전 의무 불이행,교차로,교차로내,화물차,소형,승용차,경형,884656  ,1651279 ,126.23831852,34.84963406
2016,2016100813,44,주간,토,1,1,0,0,0,경북,칠곡군,차대사람,기타,기타,운전자법규위반,중앙선 침범,단일로,기타단일로,화물차,소형,보행자,보행자,1083715 ,1779729 ,128.42896339,36.01078792
2016,2016101412,16,주간,금,1,3,2,0,0,세종,세종,차대차,측면직각충돌,측면직각충돌,운전자법규위반,부당한 회전,단일로,기타단일로,원동기장치자전거,원동기장치자전거,원동기장치자전거,원동기장치자전거,981146  ,1845570 ,127.28917834,36.6077869
2016,2016100910,30,주간,일,1,1,0,0,0,경남,함양군,차대차,측면직각충돌,측면직각충돌,운전자법규위반,교차로 통행방법 위반,단일로,기타단일로,이륜차,소형,승용차,경형,1025917 ,1725013 ,127.78583896,35.52071134
2016,2016101918,15,야간,수,1,1,0,0,0,전남,순천시,차대차,기타,기타,운전자법규위반,중앙선 침범,단일로,기타단일로,원동기장치자전거,원동기장치자전거,승용차,경형,987154  ,1669540 ,127.35918894,35.0207662
2016,2016102108,15,주간,금,1,1,0,0,0,경남,양산시,차대차,추돌,진행중 추돌,운전자법규위반,안전운전 의무 불이행,교차로,교차로부근,화물차,소형,화물차,소형,1140948 ,1711912 ,129.05200092,35.39295075
2016,2016100814,50,주간,토,1,1,0,0,0,서울,서대문구,차대사람,횡단중,횡단중,운전자법규위반,안전운전 의무 불이행,단일로,기타단일로,승합차,대형,보행자,보행자,949128  ,1952038 ,126.92395305,37.56630201
2016,2016102306,54,주간,일,1,1,0,0,0,제주,서귀포시,차대차,측면직각충돌,측면직각충돌,운전자법규위반,직진 및 우회전차의 통행방해,교차로,교차로내,화물차,소형,이륜차,소형,893231  ,1477278 ,126.35336715,33.28165069
2016,2016102405,19,야간,월,1,1,0,0,0,인천,남구,차대차,측면직각충돌,측면직각충돌,운전자법규위반,부당한 회전,교차로,교차로부근,자전거,자전거,승용차,경형,924133  ,1940390 ,126.64215001,37.45960272
2016,2016102410,40,주간,월,1,1,0,0,0,서울,강서구,차대사람,횡단중,횡단중,운전자법규위반,안전운전 의무 불이행,단일로,기타단일로,승용차,경형,보행자,보행자,944363  ,1950610 ,126.870108,37.55315581
2016,2016102518,27,야간,화,1,1,0,0,0,제주,서귀포시,차대사람,횡단중,횡단중,운전자법규위반,보행자 보호의무 위반,교차로,교차로내,승용차,경형,보행자,보행자,943955  ,1490831 ,126.89822569,33.40955478
2016,2016102718,25,야간,목,1,1,0,0,0,제주,서귀포시,차대사람,횡단중,횡단중,운전자법규위반,안전운전 의무 불이행,단일로,기타단일로,승용차,경형,보행자,보행자,927640  ,1477234 ,126.72290872,33.28407025
2016,2016102415,35,주간,월,1,1,0,0,0,전남,장흥군,차량단독,기타,기타,운전자법규위반,안전운전 의무 불이행,교차로,교차로부근,농기계,농기계,,,957415  ,1627586 ,127.03534207,34.64163445
2016,2016102119,20,야간,금,1,1,0,0,0,충남,서천군,차대사람,기타,기타,운전자법규위반,안전운전 의무 불이행,단일로,기타단일로,승용차,경형,보행자,보행자,936489  ,1791413 ,126.79427727,36.11764795
2016,2016102412,38,주간,월,1,1,0,0,0,전북,고창군,차량단독,전도전복,전도전복,운전자법규위반,안전운전 의무 불이행,단일로,기타단일로,농기계,농기계,,,928952  ,1724190 ,126.7165111,35.511085
2016,2016102607,50,주간,수,1,1,0,0,0,경북,예천군,차량단독,도로이탈,도로이탈 기타,운전자법규위반,안전운전 의무 불이행,단일로,기타단일로,화물차,중형,,,1085763 ,1871400 ,128.46182555,36.83693615
2016,2016102115,30,주간,금,1,1,0,0,0,경기,포천시,차량단독,전도전복,전도전복,운전자법규위반,안전운전 의무 불이행,단일로,기타단일로,이륜차,사발이,,,980055  ,1990869 ,127.27308325,37.91748388
2016,2016102123,20,야간,금,1,1,0,0,0,경기,화성시,차대사람,횡단중,횡단중,운전자법규위반,안전운전 의무 불이행,교차로,교차로부근,승용차,소형,보행자,보행자,953163  ,1907090 ,126.97248512,37.16137777
2016,2016102512,02,주간,화,1,1,0,0,0,전북,익산시,차대사람,횡단중,횡단중,운전자법규위반,안전운전 의무 불이행,단일로,기타단일로,화물차,대형,보행자,보행자,951291  ,1770828 ,126.9600147,35.93291981
2016,2016102216,50,주간,토,1,1,0,0,0,경기,고양시,차대사람,차도통행중,차도통행중,운전자법규위반,안전운전 의무 불이행,교차로,교차로내,건설기계,건설기계,보행자,보행자,940928  ,1968296 ,126.82979105,37.71234316
2016,2016102706,15,주간,목,1,1,0,0,0,서울,금천구,차대사람,횡단중,횡단중,운전자법규위반,안전운전 의무 불이행,단일로,기타단일로,승합차,경형,보행자,보행자,946752  ,1942258 ,126.89773758,37.47798757
2016,2016102715,53,주간,목,1,2,0,1,0,제주,제주시,차대차,추돌,진행중 추돌,운전자법규위반,안전운전 의무 불이행,단일로,기타단일로,화물차,중형,승용차,경형,905984  ,1495364 ,126.4883052,33.44617603
2016,2016092111,25,주간,수,1,1,0,0,0,전남,해남군,차대차,측면직각충돌,측면직각충돌,운전자법규위반,중앙선 침범,교차로,교차로부근,승용차,경형,이륜차,소형,921900  ,1620507 ,126.64850826,34.57571097
2016,2016091815,30,주간,일,1,1,0,0,0,전남,함평군,차량단독,전도전복,전도전복,운전자법규위반,안전운전 의무 불이행,단일로,기타단일로,이륜차,소형,,,919092  ,1689861 ,126.61118806,35.20082583
2016,2016091815,30,주간,일,1,2,0,1,0,충남,홍성군,차대차,측면직각충돌,측면직각충돌,운전자법규위반,안전거리 미확보,단일로,기타단일로,이륜차,소형,승용차,경형,927284  ,1845439 ,126.68695121,36.6040189
2016,2016091401,05,야간,수,1,1,0,0,0,제주,제주시,차대사람,기타,기타,운전자법규위반,안전운전 의무 불이행,단일로,기타단일로,화물차,소형,보행자,보행자,907456  ,1497397 ,126.49870596,33.46467671
2016,2016092001,43,야간,화,1,1,0,0,0,경기,수원시,차대차,추돌,진행중 추돌,운전자법규위반,안전운전 의무 불이행,단일로,기타단일로,승용차,중형,화물차,대형,952129  ,1918732 ,126.96009262,37.2662629
2016,2016091710,00,주간,토,1,1,0,0,0,경기,평택시,차대차,측면직각충돌,측면직각충돌,운전자법규위반,신호위반,교차로,교차로내,화물차,소형,승용차,경형,964387  ,1894059 ,127.09951416,37.04441093
2016,2016092200,50,야간,목,1,4,1,2,0,경북,구미시,차량단독,전도전복,전도전복,운전자법규위반,안전운전 의무 불이행,단일로,기타단일로,승용차,경형,,,1076591 ,1786821 ,128.35060586,36.07530767
2016,2016092622,40,야간,월,1,1,0,0,0,경북,포항시,차대차,기타,기타,운전자법규위반,안전운전 의무 불이행,단일로,기타단일로,승용차,중형,원동기장치자전거,원동기장치자전거,1168615 ,1790475 ,129.37303187,36.09662761
2016,2016092406,03,주간,토,1,1,0,0,0,대전,대덕구,차대사람,횡단중,횡단중,운전자법규위반,안전운전 의무 불이행,교차로,교차로내,건설기계,건설기계,보행자,보행자,993112  ,1822482 ,127.42318545,36.39980613
2016,2016092302,56,야간,금,1,4,0,2,1,서울,서대문구,차대사람,횡단중,횡단중,운전자법규위반,과속,단일로,기타단일로,승용차,중형,보행자,보행자,949655  ,1951783 ,126.92993776,37.56403263
2016,2016092804,46,야간,수,1,1,0,0,0,경북,포항시,차대사람,횡단중,횡단중,운전자법규위반,안전운전 의무 불이행,교차로,교차로부근,화물차,소형,보행자,보행자,1167445 ,1783256 ,129.35851019,36.03177899
2016,2016090409,10,주간,일,1,1,0,0,0,전북,남원시,차대차,측면직각충돌,측면직각충돌,운전자법규위반,직진 및 우회전차의 통행방해,교차로,교차로내,승용차,소형,이륜차,소형,990214  ,1713288 ,127.39253613,35.41492022
2016,2016090412,40,주간,일,1,1,0,0,0,충남,아산시,차량단독,도로이탈,도로이탈 기타,운전자법규위반,안전운전 의무 불이행,단일로,기타단일로,이륜차,중형,,,949820  ,1863622 ,126.93772427,36.76938169
2016,2016090308,00,주간,토,1,1,0,0,0,경기,평택시,차량단독,전도전복,전도전복,운전자법규위반,안전운전 의무 불이행,단일로,기타단일로,승용차,경형,,,967095  ,1888379 ,127.13021457,36.99330909
2016,2016090122,00,야간,목,1,1,0,0,0,경기,수원시,차대사람,횡단중,횡단중,운전자법규위반,안전운전 의무 불이행,단일로,횡단보도상,원동기장치자전거,원동기장치자전거,보행자,보행자,957550  ,1919709 ,127.02117488,37.27533231
2016,2016090119,50,야간,목,1,1,0,0,0,충북,청주시,차대사람,길가장자리구역통행중,길가장자리구역통행중,운전자법규위반,안전운전 의무 불이행,단일로,기타단일로,승용차,경형,보행자,보행자,1000583 ,1854022 ,127.50652543,36.6841677
2016,2016090116,30,주간,목,1,1,0,0,0,대구,달성군,차대차,추돌,진행중 추돌,운전자법규위반,안전운전 의무 불이행,단일로,기타단일로,화물차,소형,특수차,대형,1085654 ,1743240 ,128.4466169,35.68170805
2016,2016090122,05,야간,목,1,1,0,0,0,부산,진구,차대사람,횡단중,횡단중,운전자법규위반,안전운전 의무 불이행,단일로,기타단일로,승용차,중형,보행자,보행자,1139612 ,1685100 ,129.03273442,35.15146108
2016,2016083010,50,주간,화,1,1,0,0,0,충남,보령시,차대사람,횡단중,횡단중,운전자법규위반,보행자 보호의무 위반,교차로,교차로부근,화물차,소형,보행자,보행자,918902  ,1817219 ,126.59619967,36.3489649
2016,2016083120,04,야간,수,1,1,0,0,0,충남,당진시,차대사람,차도통행중,차도통행중,운전자법규위반,안전운전 의무 불이행,단일로,기타단일로,화물차,소형,보행자,보행자,931214  ,1877736 ,126.72797817,36.89543549
2016,2016083120,10,야간,수,1,1,0,0,0,경북,상주시,차대차,정면충돌,정면충돌,운전자법규위반,중앙선 침범,교차로,교차로내,화물차,소형,이륜차,사발이,1039850 ,1827398 ,127.94465146,36.44332197
2016,2016101308,45,주간,목,1,1,0,0,0,전남,고흥군,차대사람,기타,기타,운전자법규위반,안전운전 의무 불이행,단일로,기타단일로,화물차,소형,보행자,보행자,976878  ,1614713 ,127.2480568,34.52617034
2016,2016101220,00,야간,수,1,1,0,0,0,대구,남구,차대차,추돌,진행중 추돌,운전자법규위반,안전운전 의무 불이행,교차로,교차로부근,화물차,소형,자전거,자전거,1095964 ,1759702 ,128.56245018,35.82912471
2016,2016101104,00,야간,화,1,1,0,0,0,울산,울주군,차대사람,차도통행중,차도통행중,운전자법규위반,안전운전 의무 불이행,단일로,기타단일로,승용차,중형,보행자,보행자,1154781 ,1719069 ,129.20562043,35.4554029
2016,2016101018,59,야간,월,1,1,0,0,0,서울,도봉구,차대차,측면직각충돌,측면직각충돌,운전자법규위반,신호위반,교차로,교차로내,원동기장치자전거,원동기장치자전거,승용차,중형,960734  ,1960792 ,127.05489903,37.64577192
2016,2016100801,10,야간,토,1,2,1,0,0,전북,전주시,차대사람,횡단중,횡단중,운전자법규위반,안전운전 의무 불이행,단일로,기타단일로,승용차,소형,보행자,보행자,965802  ,1758806 ,127.12145906,35.82521214
2016,2016100519,30,야간,수,1,1,0,0,0,전북,군산시,차대사람,횡단중,횡단중,운전자법규위반,보행자 보호의무 위반,단일로,횡단보도상,화물차,소형,보행자,보행자,929020  ,1777273 ,126.71256064,35.9896581
2016,2016101306,55,주간,목,1,1,0,0,0,전남,담양군,차대차,정면충돌,정면충돌,운전자법규위반,중앙선 침범,단일로,기타단일로,원동기장치자전거,원동기장치자전거,화물차,소형,953942  ,1692538 ,126.99386336,35.22716863
2016,2016101000,32,야간,월,1,1,0,0,0,대구,동구,차대사람,기타,기타,운전자법규위반,과속,단일로,기타단일로,승용차,경형,보행자,보행자,1102321 ,1769390 ,128.6340627,35.9158132
2016,2016102016,15,주간,목,1,1,0,0,0,서울,동작구,차대사람,횡단중,횡단중,운전자법규위반,보행자 보호의무 위반,교차로,교차로부근,화물차,소형,보행자,보행자,950482  ,1945357 ,126.93739667,37.50476318
2016,2016102108,57,주간,금,1,1,0,0,0,제주,서귀포시,차량단독,전도전복,전도전복,운전자법규위반,안전운전 의무 불이행,단일로,기타단일로,승용차,경형,,,917656  ,1484501 ,126.61503655,33.34889367
2016,2016102504,30,야간,화,1,1,0,0,0,인천,남동구,차대사람,횡단중,횡단중,운전자법규위반,안전운전 의무 불이행,단일로,기타단일로,승용차,중형,보행자,보행자,931299  ,1940426 ,126.7231675,37.46048758
2016,2016102320,30,야간,일,1,1,0,0,0,경기,여주시,차대사람,차도통행중,차도통행중,운전자법규위반,안전운전 의무 불이행,단일로,기타단일로,화물차,소형,보행자,보행자,1003763 ,1912102 ,127.54240791,37.20772314
2016,2016102405,34,야간,월,1,1,0,0,0,서울,금천구,차대차,측면직각충돌,측면직각충돌,운전자법규위반,신호위반,교차로,교차로내,화물차,중형,자전거,자전거,946025  ,1940008 ,126.88970167,37.45769733
2016,2016102801,00,야간,금,1,1,0,0,0,경남,김해시,차량단독,전도전복,전도전복,운전자법규위반,안전운전 의무 불이행,단일로,기타단일로,이륜차,소형,,,1128368 ,1695339 ,128.91092203,35.24525816
2016,2016102720,30,야간,목,1,1,0,0,0,전남,여수시,차대사람,횡단중,횡단중,운전자법규위반,안전운전 의무 불이행,단일로,기타단일로,승용차,중형,보행자,보행자,1020469 ,1637921 ,127.72359646,34.73551445
2016,2016102406,40,주간,월,1,1,0,0,0,제주,제주시,차대차,정면충돌,정면충돌,운전자법규위반,신호위반,교차로,교차로내,승용차,중형,이륜차,소형,914677  ,1503642 ,126.58127667,33.52129297
2016,2016102408,30,주간,월,1,1,0,0,0,전북,장수군,차량단독,공작물충돌,공작물충돌,운전자법규위반,안전운전 의무 불이행,단일로,기타단일로,이륜차,사발이,,,1002532 ,1739084 ,127.52796417,35.64789095
2016,2016100401,48,야간,화,1,1,0,0,0,서울,강남구,차대차,기타,기타,운전자법규위반,신호위반,교차로,교차로내,승용차,중형,이륜차,중형,958811  ,1947010 ,127.03387663,37.5214672
2016,2016100708,15,주간,금,1,1,0,0,0,경기,평택시,차대차,측면직각충돌,측면직각충돌,운전자법규위반,중앙선 침범,단일로,기타단일로,원동기장치자전거,원동기장치자전거,승용차,경형,963542  ,1899672 ,127.0897395,37.09497458
2016,2016100705,45,야간,금,1,1,0,0,0,경남,창원시(통합),차대사람,횡단중,횡단중,운전자법규위반,보행자 보호의무 위반,단일로,기타단일로,승용차,경형,보행자,보행자,1097527 ,1691326 ,128.57152689,35.21255606
2016,2016091709,57,주간,토,1,1,0,0,0,경남,거제시,차량단독,전도전복,전도전복,운전자법규위반,안전운전 의무 불이행,기타/불명,기타/불명,승용차,경형,,,1112051 ,1653414 ,128.72595427,34.86925062
2016,2016091905,27,야간,월,1,1,0,0,0,경남,김해시,차대사람,횡단중,횡단중,운전자법규위반,안전운전 의무 불이행,교차로,교차로부근,화물차,소형,보행자,보행자,1121341 ,1693785 ,128.83347649,35.23212514
2016,2016091917,20,주간,월,1,1,0,0,0,광주,광산구,차대사람,횡단중,횡단중,운전자법규위반,보행자 보호의무 위반,교차로,교차로부근,승합차,중형,보행자,보행자,939361  ,1688218 ,126.83395773,35.18744129
2016,2016092622,50,야간,월,1,1,0,0,0,충남,홍성군,차대사람,횡단중,횡단중,운전자법규위반,보행자 보호의무 위반,단일로,기타단일로,승용차,경형,보행자,보행자,924449  ,1842942 ,126.655501,36.58129031
2016,2016092811,48,주간,수,1,1,0,0,0,광주,광산구,차량단독,공작물충돌,공작물충돌,운전자법규위반,안전운전 의무 불이행,단일로,기타단일로,화물차,중형,,,936368  ,1685445 ,126.80108961,35.16214655
2016,2016092321,00,야간,금,1,1,0,0,0,경기,김포시,차대차,측면직각충돌,측면직각충돌,운전자법규위반,안전운전 의무 불이행,단일로,기타단일로,화물차,소형,이륜차,소형,917769  ,1967519 ,126.56715289,37.70355447
2016,2016092719,55,야간,화,1,1,0,0,0,부산,사하구,차량단독,공작물충돌,공작물충돌,운전자법규위반,안전운전 의무 불이행,기타/불명,기타/불명,원동기장치자전거,원동기장치자전거,,,1132853 ,1677476 ,128.95859999,35.1137535
2016,2016092721,15,야간,화,1,1,0,0,0,충남,홍성군,차대사람,횡단중,횡단중,운전자법규위반,안전운전 의무 불이행,단일로,기타단일로,승용차,경형,보행자,보행자,926709  ,1841731 ,126.68087592,36.57055046
2016,2016092320,50,야간,금,1,1,0,0,0,광주,서구,차대차,기타,기타,운전자법규위반,안전운전 의무 불이행,단일로,기타단일로,승용차,중형,이륜차,소형,941456  ,1683464 ,126.85730466,35.14470061
2016,2016090317,15,주간,토,1,1,0,0,0,대구,서구,차대사람,횡단중,횡단중,운전자법규위반,안전운전 의무 불이행,교차로,교차로내,승용차,경형,보행자,보행자,1095608 ,1765024 ,128.55914732,35.8771353
2016,2016090601,49,야간,화,2,2,0,0,0,부산,사상구,차대차,추돌,진행중 추돌,운전자법규위반,안전운전 의무 불이행,단일로,기타단일로,화물차,소형,화물차,대형,1134489 ,1688785 ,128.9771038,35.18539031
2016,2016090508,15,주간,월,1,1,0,0,0,전남,구례군,차대차,측면직각충돌,측면직각충돌,운전자법규위반,신호위반,교차로,교차로내,자전거,자전거,화물차,소형,996975  ,1689909 ,127.46676702,35.20451618
2016,2016101017,45,주간,월,1,1,0,0,0,인천,강화군,차대차,측면직각충돌,측면직각충돌,운전자법규위반,안전운전 의무 불이행,단일로,기타단일로,이륜차,소형,승합차,경형,908877  ,1974194 ,126.46545767,37.76286736
2016,2016100713,54,주간,금,1,1,0,0,0,충남,서산시,차량단독,전도전복,전도전복,운전자법규위반,안전운전 의무 불이행,단일로,기타단일로,이륜차,소형,,,911712  ,1865588 ,126.51053497,36.784318
2016,2016101516,20,주간,토,1,1,0,0,0,대구,달성군,차량단독,전도전복,전도전복,운전자법규위반,안전운전 의무 불이행,교차로,교차로부근,농기계,농기계,,,1089057 ,1755817 ,128.48542943,35.79464185
2016,2016101819,20,야간,화,1,1,0,0,0,경기,구리시,차대차,측면직각충돌,측면직각충돌,운전자법규위반,안전운전 의무 불이행,교차로,교차로내,승합차,대형,원동기장치자전거,원동기장치자전거,968692  ,1954716 ,127.14536562,37.59131289
2016,2016102123,06,야간,금,1,2,1,0,0,부산,사하구,차대차,기타,기타,운전자법규위반,안전운전 의무 불이행,단일로,기타단일로,이륜차,소형,화물차,중형,1133871 ,1676742 ,129.00922218,35.0836885
2016,2016102603,00,야간,수,1,2,1,0,0,전남,곡성군,차량단독,공작물충돌,공작물충돌,운전자법규위반,안전운전 의무 불이행,교차로,교차로부근,승용차,대형,,,967782  ,1697812 ,127.14574274,35.27526408
2016,2016102300,20,야간,일,1,1,0,0,0,충남,공주시,차대사람,횡단중,횡단중,운전자법규위반,안전운전 의무 불이행,기타/불명,기타/불명,승용차,경형,보행자,보행자,966744  ,1828769 ,127.12886484,36.45593302
2016,2016100506,00,주간,수,1,1,0,0,0,광주,광산구,차대사람,횡단중,횡단중,운전자법규위반,안전운전 의무 불이행,교차로,교차로부근,승용차,경형,보행자,보행자,940491  ,1691573 ,126.84612618,35.21775943
2016,2016100701,05,야간,금,1,1,0,0,0,인천,남구,차대사람,횡단중,횡단중,운전자법규위반,과속,단일로,기타단일로,승용차,중형,보행자,보행자,925233  ,1941114 ,126.65537146,37.46622821
2016,2016093017,05,주간,금,2,3,0,1,0,전북,전주시,차대사람,횡단중,횡단중,운전자법규위반,보행자 보호의무 위반,교차로,교차로내,특수차,대형,보행자,보행자,960869  ,1764272 ,127.06651527,35.87424267
2016,2016100217,10,주간,일,1,1,0,0,0,제주,제주시,차대차,정면충돌,정면충돌,운전자법규위반,안전운전 의무 불이행,단일로,기타단일로,이륜차,소형,화물차,소형,940414  ,1502652 ,126.85828591,33.51406903
2016,2016100419,20,야간,화,1,1,0,0,0,경남,합천군,차대사람,횡단중,횡단중,운전자법규위반,안전운전 의무 불이행,단일로,기타단일로,승용차,중형,보행자,보행자,1047142 ,1725027 ,128.01992392,35.52005573
2016,2016100222,10,야간,일,1,1,0,0,0,충북,제천시,차대사람,횡단중,횡단중,운전자법규위반,과속,단일로,기타단일로,승용차,중형,보행자,보행자,1066832 ,1905611 ,128.25256698,37.14683062
2016,2016100217,35,주간,일,3,5,2,0,0,충남,부여군,차대차,측면직각충돌,측면직각충돌,운전자법규위반,중앙선 침범,단일로,기타단일로,화물차,소형,승용차,중형,927213  ,1810860 ,126.68940698,36.29230596
2016,2016083011,10,주간,화,1,1,0,0,0,충북,진천군,차대차,기타,기타,운전자법규위반,안전운전 의무 불이행,단일로,기타단일로,농기계,농기계,승용차,중형,995208  ,1873494 ,127.44624144,36.85969145
2016,2016091615,00,주간,금,1,5,2,0,2,전남,담양군,차대차,측면직각충돌,측면직각충돌,운전자법규위반,중앙선 침범,교차로,교차로부근,승용차,대형,승용차,소형,949200  ,1701036 ,126.94122927,35.30356274
2016,2016092201,40,야간,목,2,2,0,0,0,충남,태안군,차대차,정면충돌,정면충돌,운전자법규위반,중앙선 침범,기타/불명,기타/불명,승용차,중형,승용차,중형,888740  ,1863569 ,126.2534265,36.76370167
2016,2016091909,53,주간,월,1,1,0,0,0,강원,동해시,차량단독,기타,기타,운전자법규위반,안전운전 의무 불이행,단일로,기타단일로,자전거,자전거,,,1142723 ,1948066 ,129.11508855,37.52086064
2016,2016092811,10,주간,수,1,2,0,1,0,전남,고흥군,차대차,측면직각충돌,측면직각충돌,운전자법규위반,교차로 통행방법 위반,교차로,교차로내,화물차,소형,화물차,소형,971339  ,1619674 ,127.18753598,34.57076912
2016,2016092904,47,야간,목,1,2,0,1,0,서울,은평구,차대차,기타,기타,운전자법규위반,부당한 회전,교차로,교차로내,자전거,자전거,승용차,중형,948422  ,1955664 ,126.9157037,37.59894412