발생년,발생년월일시,발생분,주야,요일,사망자수,사상자수,중상자수,경상자수,부상신고자수,발생지시도,발생지시군구,사고유형_대분류,사고유형_중분류,사고유형,법규위반_대분류,법규위반,도로형태_대분류,도로형태,당사자종별_1당_대분류,당사자종별_1당,당사자종별_2당_대분류,당사자종별_2당,발생위치X_UTMK,발생위치Y_UTMK,경도,위도
2016,2016092523,30,야간,일,1,1,0,0,0,경기,안산시,차대사람,차도통행중,차도통행중,운전자법규위반,안전운전 의무 불이행,단일로,기타단일로,승합차,대형,보행자,보행자,937306  ,1925861 ,126.79232167,37.32963822
2016,2016092718,45,야간,화,1,1,0,0,0,서울,용산구,차대사람,횡단중,횡단중,운전자법규위반,안전운전 의무 불이행,단일로,횡단보도상,승용차,중형,보행자,보행자,953094  ,1950618 ,126.96895089,37.55371386
2016,2016092906,35,주간,목,1,2,1,0,0,경기,고양시,차량단독,전도전복,전도전복,운전자법규위반,안전운전 의무 불이행,단일로,기타단일로,이륜차,소형,,,942956  ,1961071 ,126.85336409,37.64735411
2016,2016092805,55,야간,수,1,1,0,0,0,서울,강동구,차대사람,횡단중,횡단중,운전자법규위반,안전운전 의무 불이행,단일로,기타단일로,승용차,중형,보행자,보행자,967912  ,1947789 ,127.13683367,37.52885024
2016,2016090323,55,야간,토,1,1,0,0,0,경기,안양시,차대차,측면직각충돌,측면직각충돌,운전자법규위반,부당한 회전,단일로,기타단일로,자전거,자전거,승용차,대형,951685  ,1931295 ,126.95426697,37.37947691
2016,2016090206,20,주간,금,1,1,0,0,0,대전,중구,차대차,측면직각충돌,측면직각충돌,운전자법규위반,중앙선 침범,교차로,교차로부근,원동기장치자전거,원동기장치자전거,승용차,중형,991441  ,1814576 ,127.40463759,36.32851708
2016,2016090420,32,야간,일,1,1,0,0,0,경북,포항시,차대사람,횡단중,횡단중,운전자법규위반,안전운전 의무 불이행,교차로,교차로내,승용차,중형,보행자,보행자,1164936 ,1780685 ,129.33013914,36.00903925
2016,2016090417,20,주간,일,1,1,0,0,0,충남,태안군,차량단독,도로이탈,도로이탈 추락,운전자법규위반,안전운전 의무 불이행,단일로,기타단일로,이륜차,사발이,,,898125  ,1831772 ,126.3627756,36.47816357
2016,2016090113,40,주간,목,1,1,0,0,0,경북,성주군,차대사람,기타,기타,운전자법규위반,안전운전 의무 불이행,기타/불명,기타/불명,화물차,소형,보행자,보행자,1073996 ,1769036 ,128.32012738,35.91517655
2016,2016101214,10,주간,수,1,2,0,1,0,경북,경산시,차대차,측면직각충돌,측면직각충돌,운전자법규위반,안전운전 의무 불이행,교차로,교차로내,화물차,소형,원동기장치자전거,원동기장치자전거,1119543 ,1763725 ,128.82404769,35.86279629
2016,2016100809,18,주간,토,1,2,1,0,0,충남,공주시,차대차,추돌,진행중 추돌,운전자법규위반,안전운전 의무 불이행,단일로,기타단일로,건설기계,건설기계,화물차,대형,968224  ,1823579 ,127.14559403,36.40919477
2016,2016100914,50,주간,일,1,1,0,0,0,경남,밀양시,차량단독,전도전복,전도전복,운전자법규위반,안전운전 의무 불이행,단일로,기타단일로,자전거,자전거,,,1114903 ,1719871 ,128.76640773,35.46804172
2016,2016101105,20,야간,화,1,1,0,0,0,경기,평택시,차대사람,횡단중,횡단중,운전자법규위반,안전운전 의무 불이행,단일로,기타단일로,승합차,중형,보행자,보행자,949721  ,1886765 ,126.93508079,36.9779917
2016,2016100808,43,주간,토,1,1,0,0,0,경북,예천군,차대차,측면직각충돌,측면직각충돌,운전자법규위반,안전운전 의무 불이행,교차로,교차로내,승용차,경형,원동기장치자전거,원동기장치자전거,1075334 ,1837254 ,128.34151747,36.53003511
2016,2016101612,05,주간,일,1,3,1,1,0,전남,화순군,차량단독,전도전복,전도전복,운전자법규위반,과속,단일로,기타단일로,승용차,경형,,,951710  ,1675824 ,126.97031418,35.07635632
2016,2016102006,05,주간,목,1,3,1,1,0,전북,장수군,차대차,추돌,진행중 추돌,운전자법규위반,과속,단일로,기타단일로,승용차,소형,농기계,농기계,1002697 ,1748088 ,127.52982257,35.72910223
2016,2016102103,50,야간,금,1,1,0,0,0,인천,서구,차량단독,공작물충돌,공작물충돌,운전자법규위반,안전운전 의무 불이행,교차로,교차로내,승용차,중형,,,922651  ,1951384 ,126.62423746,37.5585644
2016,2016102020,48,야간,목,1,1,0,0,0,인천,서구,차대사람,횡단중,횡단중,운전자법규위반,안전운전 의무 불이행,단일로,기타단일로,승용차,대형,보행자,보행자,926965  ,1946424 ,126.67357024,37.51421374
2016,2016101720,18,야간,월,1,1,0,0,0,충남,서산시,차대사람,횡단중,횡단중,운전자법규위반,과속,단일로,기타단일로,승용차,경형,보행자,보행자,905250  ,1867055 ,126.43794217,36.79691596
2016,2016101621,55,야간,일,1,1,0,0,0,충남,천안시,차대차,기타,기타,운전자법규위반,안전운전 의무 불이행,기타/불명,기타/불명,화물차,소형,승합차,대형,968611  ,1874950 ,127.14780844,36.87230708
2016,2016100320,10,야간,월,1,1,0,0,0,대구,남구,차대사람,기타,기타,운전자법규위반,안전운전 의무 불이행,단일로,기타단일로,승용차,중형,보행자,보행자,1096761 ,1760208 ,128.57122336,35.83361509
2016,2016100505,50,야간,수,1,1,0,0,0,강원,원주시,차대사람,기타,기타,운전자법규위반,안전운전 의무 불이행,단일로,횡단보도상,승용차,중형,보행자,보행자,1029324 ,1924502 ,127.83095323,37.31896885
2016,2016100322,45,야간,월,1,1,0,0,0,전북,전주시,차대차,정면충돌,정면충돌,운전자법규위반,부당한 회전,교차로,교차로내,승용차,경형,이륜차,소형,965318  ,1759046 ,127.11584659,35.8274069
2016,2016100201,30,야간,일,1,1,0,0,0,충남,공주시,차량단독,공작물충돌,공작물충돌,운전자법규위반,안전운전 의무 불이행,단일로,기타단일로,화물차,소형,,,977863  ,1821314 ,127.25316378,36.38904586
2016,2016100405,20,야간,화,1,1,0,0,0,서울,서초구,차대사람,횡단중,횡단중,운전자법규위반,안전운전 의무 불이행,단일로,기타단일로,승용차,중형,보행자,보행자,957354  ,1943006 ,127.01762098,37.48531156
2016,2016100523,20,야간,수,1,1,0,0,0,경기,남양주시,차량단독,전도전복,전도전복,운전자법규위반,안전운전 의무 불이행,단일로,기타단일로,승용차,소형,,,976400  ,1958395 ,127.23255654,37.62470323
2016,2016093016,40,주간,금,1,1,0,0,0,충북,충주시,차량단독,전도전복,전도전복,운전자법규위반,안전운전 의무 불이행,교차로,교차로내,원동기장치자전거,원동기장치자전거,,,1041091 ,1899081 ,127.96236165,37.08945548
2016,2016100210,32,주간,일,1,1,0,0,0,경북,안동시,차대차,정면충돌,정면충돌,운전자법규위반,신호위반,교차로,교차로내,승용차,중형,화물차,중형,1110610 ,1840297 ,128.73593442,36.55403095
2016,2016100123,30,야간,토,1,1,0,0,0,인천,옹진군,차대사람,길가장자리구역통행중,길가장자리구역통행중,운전자법규위반,안전운전 의무 불이행,단일로,기타단일로,승용차,중형,보행자,보행자,756184  ,2000094 ,124.72443671,37.9680867
2016,2016100419,10,야간,화,1,1,0,0,0,경남,함안군,차대사람,기타,기타,운전자법규위반,안전운전 의무 불이행,교차로,교차로부근,화물차,소형,보행자,보행자,1077846 ,1694714 ,128.35563703,35.24482319
2016,2016092100,14,야간,수,1,4,3,0,0,경기,광주시,차대차,추돌,진행중 추돌,운전자법규위반,안전운전 의무 불이행,단일로,기타단일로,승용차,소형,화물차,소형,976603  ,1932815 ,127.23567128,37.39414167
2016,2016091309,25,주간,화,1,1,0,0,0,전남,강진군,차대차,측면직각충돌,측면직각충돌,운전자법규위반,과속,교차로,교차로내,화물차,소형,원동기장치자전거,원동기장치자전거,936191  ,1617722 ,126.8045149,34.55158491
2016,2016092823,48,야간,수,1,2,1,0,0,충남,당진시,차대차,정면충돌,정면충돌,운전자법규위반,중앙선 침범,단일로,기타단일로,승용차,경형,승용차,대형,938751  ,1876109 ,126.81269554,36.88128929
2016,2016092613,00,주간,월,1,1,0,0,0,충남,부여군,차대차,추돌,진행중 추돌,운전자법규위반,안전운전 의무 불이행,단일로,기타단일로,화물차,중형,화물차,소형,956482  ,1805082 ,127.01566916,36.24198147
2016,2016092801,48,야간,수,1,1,0,0,0,서울,구로구,차대사람,횡단중,횡단중,운전자법규위반,안전운전 의무 불이행,교차로,교차로부근,승용차,중형,보행자,보행자,943065  ,1943791 ,126.85594214,37.49161644
2016,2016092509,05,주간,일,1,2,1,0,0,전북,전주시,차대차,측면직각충돌,측면직각충돌,운전자법규위반,부당한 회전,단일로,기타단일로,승용차,중형,승용차,중형,964788  ,1763783 ,127.10994976,35.86998269
2016,2016102317,24,주간,일,1,1,0,0,0,강원,고성군,차량단독,전도전복,전도전복,운전자법규위반,안전운전 의무 불이행,단일로,기타단일로,승용차,경형,,,1082317 ,2049484 ,128.443867,38.44262176
2016,2016100901,46,야간,일,1,1,0,0,0,인천,남구,차대사람,차도통행중,차도통행중,운전자법규위반,안전운전 의무 불이행,단일로,기타단일로,화물차,소형,보행자,보행자,925355  ,1938578 ,126.65614962,37.44337109
2016,2016092919,30,야간,목,1,3,1,1,0,경기,양주시,차대차,측면직각충돌,측면직각충돌,운전자법규위반,중앙선 침범,단일로,기타단일로,승용차,소형,승용차,중형,954284  ,1980939 ,126.98052015,37.82705701
2016,2016092619,00,야간,월,1,2,1,0,0,세종,세종,차대차,추돌,진행중 추돌,운전자법규위반,안전운전 의무 불이행,단일로,기타단일로,승용차,경형,자전거,자전거,980140  ,1844137 ,127.27796655,36.59484802
2016,2016082920,20,야간,월,1,3,2,0,0,경북,칠곡군,차대차,추돌,진행중 추돌,운전자법규위반,안전운전 의무 불이행,단일로,기타단일로,승용차,경형,건설기계,건설기계,1089129 ,1772501 ,128.48822066,35.94514984
2016,2016090307,35,주간,토,1,2,0,0,1,전남,나주시,차량단독,도로이탈,도로이탈 기타,운전자법규위반,안전운전 의무 불이행,단일로,기타단일로,원동기장치자전거,원동기장치자전거,,,920454  ,1665757 ,126.62846422,34.98360691
2016,2016090200,15,야간,금,1,1,0,0,0,전북,전주시,차대사람,횡단중,횡단중,운전자법규위반,과속,단일로,기타단일로,승용차,경형,보행자,보행자,965927  ,1758518 ,127.12279129,35.82255386
2016,2016101017,25,주간,월,1,1,0,0,0,경남,남해군,차대사람,횡단중,횡단중,운전자법규위반,안전운전 의무 불이행,단일로,기타단일로,승용차,경형,보행자,보행자,1049994 ,1638942 ,128.04616906,34.74370225
2016,2016101220,05,야간,수,1,1,0,0,0,경북,성주군,차량단독,전도전복,전도전복,운전자법규위반,안전운전 의무 불이행,단일로,기타단일로,자전거,자전거,,,1071046 ,1769766 ,128.28749941,35.92197651
2016,2016101006,18,주간,월,1,1,0,0,0,전남,영암군,차대차,측면직각충돌,측면직각충돌,운전자법규위반,부당한 회전,교차로,교차로내,이륜차,사발이,화물차,소형,926693  ,1647238 ,126.69843889,34.817098
2016,2016100918,30,야간,일,1,1,0,0,0,전북,남원시,차대차,측면직각충돌,측면직각충돌,운전자법규위반,과속,교차로,교차로내,승용차,중형,농기계,농기계,988303  ,1704708 ,127.3712847,35.33789535
2016,2016100720,50,야간,금,2,2,0,0,0,충남,부여군,차량단독,전도전복,전도전복,운전자법규위반,안전운전 의무 불이행,단일로,기타단일로,승용차,중형,,,954985  ,1806634 ,126.99891963,36.25590449
2016,2016100719,51,야간,금,1,2,1,0,0,경북,청송군,차대차,정면충돌,정면충돌,운전자법규위반,중앙선 침범,단일로,기타단일로,승용차,경형,화물차,소형,1128587 ,1811986 ,128.93205858,36.2966279
2016,2016100819,46,야간,토,1,1,0,0,0,서울,강동구,차대차,기타,기타,운전자법규위반,신호위반,교차로,교차로내,승용차,중형,원동기장치자전거,원동기장치자전거,968585  ,1950653 ,127.14432782,37.55468788
2016,2016102023,47,야간,목,1,2,0,1,0,경남,창원시(통합),차대사람,횡단중,횡단중,운전자법규위반,안전운전 의무 불이행,교차로,교차로부근,승합차,경형,보행자,보행자,1097798 ,1692029 ,128.57458743,35.2188676
2016,2016101806,05,주간,화,1,1,0,0,0,전북,김제시,차대사람,횡단중,횡단중,운전자법규위반,안전운전 의무 불이행,단일로,기타단일로,화물차,중형,보행자,보행자,941316  ,1762874 ,126.85182763,35.86041936
2016,2016100100,05,야간,토,1,2,1,0,0,전남,순천시,차대사람,횡단중,횡단중,운전자법규위반,보행자 보호의무 위반,단일로,횡단보도상,승용차,소형,보행자,보행자,1001667 ,1662342 ,127.51825838,34.95593885
2016,2016100105,30,야간,토,1,8,4,3,0,충북,청주시,차량단독,도로이탈,도로이탈 추락,운전자법규위반,안전운전 의무 불이행,단일로,기타단일로,화물차,소형,,,1001040 ,1850930 ,127.51163637,36.65629315
2016,2016100507,45,주간,수,1,1,0,0,0,부산,강서구,차량단독,공작물충돌,공작물충돌,운전자법규위반,안전운전 의무 불이행,단일로,기타단일로,승합차,소형,,,1128952 ,1678167 ,128.91829285,35.09064422
2016,2016100112,00,주간,토,1,1,0,0,0,충북,충주시,차대사람,횡단중,횡단중,운전자법규위반,안전운전 의무 불이행,교차로,교차로부근,승용차,경형,보행자,보행자,1038884 ,1887750 ,127.93694319,36.98741084
2016,2016100302,30,야간,월,1,1,0,0,0,서울,관악구,차대사람,길가장자리구역통행중,길가장자리구역통행중,운전자법규위반,안전운전 의무 불이행,단일로,기타단일로,승용차,중형,보행자,보행자,951161  ,1942640 ,126.94780692,37.4816907
2016,2016100214,05,주간,일,1,1,0,0,0,광주,동구,차대차,기타,기타,운전자법규위반,신호위반,교차로,교차로내,원동기장치자전거,원동기장치자전거,승용차,중형,949175  ,1677559 ,126.94240283,35.09187599
2016,2016100218,05,야간,일,1,1,0,0,0,서울,영등포구,차대사람,기타,기타,운전자법규위반,안전운전 의무 불이행,단일로,기타단일로,승합차,중형,보행자,보행자,947380  ,1946361 ,126.90456766,37.51503631
2016,2016100305,45,야간,월,1,1,0,0,0,서울,은평구,차대차,측면직각충돌,측면직각충돌,운전자법규위반,안전운전 의무 불이행,교차로,교차로내,자전거,자전거,화물차,소형,948463  ,1956799 ,126.91608818,37.60917622
2016,2016100501,05,야간,수,1,2,0,1,0,경남,거제시,차대차,측면직각충돌,측면직각충돌,운전자법규위반,신호위반,교차로,교차로내,승용차,중형,이륜차,소형,1104353 ,1656320 ,128.64210798,34.89627055
2016,2016100623,06,야간,목,1,1,0,0,0,인천,남구,차대사람,횡단중,횡단중,운전자법규위반,안전운전 의무 불이행,단일로,횡단보도상,승용차,중형,보행자,보행자,925596  ,1939861 ,126.65874433,37.45495389
2016,2016093022,40,야간,금,1,1,0,0,0,인천,남동구,차대차,추돌,진행중 추돌,운전자법규위반,안전운전 의무 불이행,단일로,기타단일로,승용차,경형,승용차,중형,930536  ,1937091 ,126.71485485,37.43037253
2016,2016100102,50,야간,토,1,1,0,0,0,대전,중구,차대차,측면직각충돌,측면직각충돌,운전자법규위반,안전운전 의무 불이행,교차로,교차로부근,승용차,중형,자전거,자전거,991897  ,1816665 ,127.4096965,36.34735424
2016,2016100400,10,야간,화,1,1,0,0,0,경북,경산시,차량단독,전도전복,전도전복,운전자법규위반,안전운전 의무 불이행,단일로,기타단일로,이륜차,소형,,,1123587 ,1752788 ,128.86713618,35.76371209
2016,2016091607,00,주간,금,1,3,0,2,0,부산,동래구,차량단독,전도전복,전도전복,운전자법규위반,안전운전 의무 불이행,단일로,기타단일로,이륜차,중형,,,1144079 ,1691871 ,129.08294239,35.21186728
2016,2016092019,35,야간,화,1,1,0,0,0,충남,부여군,차대사람,횡단중,횡단중,운전자법규위반,안전운전 의무 불이행,교차로,교차로내,승용차,중형,보행자,보행자,946977  ,1808914 ,126.90962857,36.27605222
2016,2016091719,17,야간,토,1,1,0,0,0,울산,남구,차대사람,횡단중,횡단중,운전자법규위반,안전운전 의무 불이행,교차로,교차로부근,승용차,경형,보행자,보행자,1160523 ,1729978 ,129.27102608,35.55280844
2016,2016092609,40,주간,월,1,1,0,0,0,전남,광양시,차대사람,횡단중,횡단중,운전자법규위반,안전운전 의무 불이행,교차로,교차로부근,승합차,중형,보행자,보행자,1020337 ,1663130 ,127.72276634,34.96284171
2016,2016092614,05,주간,월,1,2,1,0,0,제주,서귀포시,차대차,정면충돌,정면충돌,운전자법규위반,중앙선 침범,단일로,기타단일로,승용차,경형,화물차,소형,900189  ,1478580 ,126.40913732,33.29528749
2016,2016092912,30,주간,목,1,1,0,0,0,충남,청양군,차대차,측면직각충돌,측면직각충돌,운전자법규위반,직진 및 우회전차의 통행방해,교차로,교차로내,화물차,대형,자전거,자전거,950917  ,1817212 ,126.95297326,36.3510677
2016,2016090206,35,주간,금,1,1,0,0,0,경기,성남시,차대차,정면충돌,정면충돌,운전자법규위반,안전운전 의무 불이행,단일로,기타단일로,승용차,경형,승용차,경형,968521  ,1930695 ,127.14445614,37.37479334
2016,2016090221,15,야간,금,1,1,0,0,0,경북,예천군,차량단독,공작물충돌,공작물충돌,운전자법규위반,안전운전 의무 불이행,단일로,기타단일로,승합차,경형,,,1070578 ,1844929 ,128.28909875,36.59958235
2016,2016083007,00,주간,화,1,1,0,0,0,충남,천안시,차대차,측면직각충돌,측면직각충돌,운전자법규위반,안전운전 의무 불이행,교차로,교차로부근,화물차,소형,자전거,자전거,966436  ,1875595 ,127.12337637,36.87804657
2016,2016090601,20,야간,화,1,1,0,0,0,경기,오산시,차대사람,횡단중,횡단중,운전자법규위반,안전운전 의무 불이행,단일로,기타단일로,화물차,소형,보행자,보행자,961963  ,1905655 ,127.07166776,37.14884249
2016,2016090522,10,야간,월,1,1,0,0,0,강원,원주시,차대사람,기타,기타,운전자법규위반,안전운전 의무 불이행,기타/불명,기타/불명,승용차,경형,보행자,보행자,1039226 ,1925989 ,127.94279202,37.33207983
2016,2016090302,54,야간,토,2,2,0,0,0,강원,강릉시,차대사람,기타,기타,운전자법규위반,과속,단일로,기타단일로,승용차,중형,보행자,보행자,1125324 ,1975678 ,128.92299616,37.77219125
2016,2016090312,58,주간,토,1,1,0,0,0,강원,평창군,차량단독,전도전복,전도전복,운전자법규위반,안전운전 의무 불이행,단일로,기타단일로,이륜차,대형,,,1078797 ,1924102 ,128.38924124,37.31255791
2016,2016091604,29,야간,금,1,1,0,0,0,서울,동작구,차대차,기타,기타,운전자법규위반,부당한 회전,교차로,교차로내,자전거,자전거,승용차,중형,949230  ,1946077 ,126.92552036,37.51258024
2016,2016121913,40,주간,월,1,2,0,0,1,서울,송파구,차대차,정면충돌,정면충돌,운전자법규위반,신호위반,교차로,교차로내,화물차,소형,이륜차,중형,967120  ,1944810 ,127.12800343,37.50197126
2016,2016121620,00,야간,금,1,3,1,1,0,경남,창원시(통합),차대차,측면직각충돌,측면직각충돌,운전자법규위반,안전운전 의무 불이행,단일로,기타단일로,이륜차,소형,이륜차,소형,1107240 ,1694843 ,128.67868272,35.24327108
2016,2016102514,07,주간,화,2,3,0,1,0,경기,여주시,차대차,정면충돌,정면충돌,운전자법규위반,안전운전 의무 불이행,교차로,교차로내,승용차,소형,승용차,소형,1006535 ,1915029 ,127.57367318,37.23409206
2016,2016081519,50,야간,월,1,2,0,1,0,제주,제주시,차대차,측면직각충돌,측면직각충돌,운전자법규위반,직진 및 우회전차의 통행방해,교차로,교차로내,승용차,경형,승용차,중형,903058  ,1500612 ,126.45643364,33.49296997
2016,2016033010,30,주간,수,1,1,0,0,0,경북,구미시,차량단독,전도전복,전도전복,운전자법규위반,안전운전 의무 불이행,단일로,기타단일로,이륜차,소형,,,1076972 ,1789680 ,128.35511587,36.1010509
2016,2016071613,50,주간,토,1,1,0,0,0,경기,부천시,차대차,측면직각충돌,측면직각충돌,운전자법규위반,안전운전 의무 불이행,교차로,교차로내,승용차,중형,이륜차,소형,936585  ,1947721 ,126.78230527,37.52661497
2016,2016082320,13,야간,화,1,1,0,0,0,충남,천안시,차대차,추돌,진행중 추돌,운전자법규위반,안전운전 의무 불이행,단일로,기타단일로,승용차,중형,화물차,대형,976204  ,1880647 ,127.23282365,36.92388454
2016,2016082704,42,야간,토,1,2,0,1,0,강원,춘천시,차량단독,공작물충돌,공작물충돌,운전자법규위반,안전운전 의무 불이행,단일로,기타단일로,승용차,대형,,,1020397 ,1985676 ,127.73191229,37.8706694
2016,2016081210,36,주간,금,1,1,0,0,0,강원,영월군,차대사람,횡단중,횡단중,운전자법규위반,안전운전 의무 불이행,단일로,기타단일로,승합차,대형,보행자,보행자,1085892 ,1909858 ,128.46765672,37.18355142
2016,2016082505,35,야간,목,1,1,0,0,0,경기,의정부시,차대차,측면직각충돌,측면직각충돌,운전자법규위반,안전운전 의무 불이행,교차로,교차로부근,이륜차,소형,승용차,경형,959609  ,1970470 ,127.04161033,37.73295178
2016,2016090704,31,야간,수,1,2,0,1,0,충남,천안시,차량단독,공작물충돌,공작물충돌,운전자법규위반,안전운전 의무 불이행,단일로,교량위,승용차,중형,,,978952  ,1862069 ,127.26419208,36.75647676
2016,2016100620,30,야간,목,1,2,1,0,0,충북,청주시,차대차,측면직각충돌,측면직각충돌,운전자법규위반,과속,교차로,교차로내,승용차,경형,화물차,소형,986907  ,1849696 ,127.3535261,36.6450792
2016,2016091820,20,야간,일,1,1,0,0,0,경남,진주시,차대사람,기타,기타,운전자법규위반,안전운전 의무 불이행,교차로,교차로내,화물차,소형,보행자,보행자,1053945 ,1689091 ,128.09257807,35.19569486
2016,2016102203,24,야간,토,1,1,0,0,0,경기,양주시,차량단독,전도전복,전도전복,운전자법규위반,안전운전 의무 불이행,단일로,기타단일로,이륜차,소형,,,960966  ,1975644 ,127.05673208,37.77964394
2016,2016071823,30,야간,월,1,1,0,0,0,전남,강진군,차대사람,횡단중,횡단중,운전자법규위반,안전운전 의무 불이행,단일로,기타단일로,승용차,중형,보행자,보행자,937711  ,1634540 ,126.81984458,34.70333209
2016,2016051008,25,주간,화,1,2,1,0,0,경남,사천시,차량단독,전도전복,전도전복,운전자법규위반,안전운전 의무 불이행,단일로,기타단일로,승용차,대형,,,1053016 ,1675682 ,128.08151326,35.07483845
2016,2016061412,50,주간,화,1,1,0,0,0,경기,평택시,차대사람,기타,기타,운전자법규위반,안전운전 의무 불이행,단일로,기타단일로,승합차,소형,보행자,보행자,962095  ,1895051 ,127.07369011,37.05326313
2016,2016073020,50,야간,토,1,1,0,0,0,서울,영등포구,차대사람,횡단중,횡단중,운전자법규위반,안전운전 의무 불이행,단일로,기타단일로,승용차,중형,보행자,보행자,947533  ,1944637 ,126.9060141,37.49957638
2016,2016110317,56,주간,목,1,1,0,0,0,대전,중구,차대사람,횡단중,횡단중,운전자법규위반,안전운전 의무 불이행,단일로,기타단일로,승용차,경형,보행자,보행자,991734  ,1814274 ,127.40790533,36.32579697
2016,2016122117,02,주간,수,1,1,0,0,0,광주,광산구,차대사람,횡단중,횡단중,운전자법규위반,안전운전 의무 불이행,교차로,교차로부근,승용차,중형,보행자,보행자,935398  ,1682410 ,126.79088675,35.13482621
2016,2016092706,25,주간,화,1,1,0,0,0,서울,성동구,차대사람,횡단중,횡단중,운전자법규위반,안전운전 의무 불이행,단일로,기타단일로,승용차,경형,보행자,보행자,957560  ,1950040 ,127.01954471,37.54872077
2016,2016092906,14,주간,목,1,1,0,0,0,경북,구미시,차대차,측면직각충돌,측면직각충돌,운전자법규위반,신호위반,교차로,교차로부근,승용차,중형,자전거,자전거,1082115 ,1793724 ,128.41266724,36.13708466
2016,2016072801,01,야간,목,1,1,0,0,0,경기,용인시,차량단독,공작물충돌,공작물충돌,운전자법규위반,안전운전 의무 불이행,단일로,기타단일로,승용차,소형,,,960884  ,1925502 ,127.05847534,37.32769482
2016,2016081921,00,야간,금,1,1,0,0,0,경기,안양시,차대사람,차도통행중,차도통행중,운전자법규위반,안전운전 의무 불이행,단일로,기타단일로,승용차,대형,보행자,보행자,947532  ,1936259 ,126.90700727,37.42399333
2016,2016081601,18,야간,화,1,1,0,0,0,경기,용인시,차대차,기타,기타,운전자법규위반,안전운전 의무 불이행,단일로,기타단일로,승용차,중형,승용차,중형,965100  ,1914627 ,127.10657318,37.22983785
2016,2016090305,00,야간,토,2,3,1,0,0,경북,포항시,차대차,추돌,진행중 추돌,운전자법규위반,안전운전 의무 불이행,단일로,기타단일로,승용차,대형,승용차,대형,1147385 ,1785802 ,129.13642176,36.05796792
2016,2016010205,50,야간,토,1,1,0,0,0,경남,거제시,차대차,정면충돌,정면충돌,운전자법규위반,중앙선 침범,단일로,기타단일로,화물차,소형,승합차,대형,1101402 ,1655346 ,128.60969764,34.88778822
2016,2016010211,10,주간,토,1,1,0,0,0,서울,강서구,차대차,측면직각충돌,측면직각충돌,운전자법규위반,신호위반,교차로,교차로내,이륜차,소형,승합차,대형,942086  ,1951145 ,126.84450319,37.55799275
2016,2016010921,20,야간,토,1,1,0,0,0,충남,당진시,차대사람,기타,기타,운전자법규위반,안전운전 의무 불이행,교차로,교차로내,승용차,중형,보행자,보행자,922726  ,1878365 ,126.63265806,36.90044789
2016,2016010902,00,야간,토,1,1,0,0,0,강원,원주시,차량단독,공작물충돌,공작물충돌,운전자법규위반,안전운전 의무 불이행,단일로,기타단일로,승합차,중형,,,1042246 ,1923474 ,127.97673822,37.30927807
2016,2016010719,35,야간,목,1,1,0,0,0,서울,양천구,차대차,측면직각충돌,측면직각충돌,운전자법규위반,신호위반,교차로,교차로부근,자전거,자전거,자전거,자전거,944324  ,1947670 ,126.86988952,37.52665506
2016,2016051913,05,주간,목,2,6,2,2,0,인천,부평구,차대차,추돌,진행중 추돌,운전자법규위반,안전운전 의무 불이행,단일로,기타단일로,승합차,대형,화물차,중형,931437  ,1947456 ,126.72407259,37.52385817
2016,2016120322,38,야간,토,1,3,1,1,0,경북,김천시,차대차,추돌,진행중 추돌,운전자법규위반,안전운전 의무 불이행,단일로,기타단일로,화물차,소형,화물차,중형,1052705 ,1793183 ,128.08577319,36.13425215
2016,2016112706,30,주간,일,1,2,0,0,1,서울,서초구,차대차,추돌,진행중 추돌,운전자법규위반,안전운전 의무 불이행,단일로,기타단일로,승용차,중형,화물차,소형,960482  ,1939017 ,127.04675142,37.45652739
2016,2016090223,45,야간,금,1,1,0,0,0,부산,사상구,차대사람,횡단중,횡단중,운전자법규위반,안전운전 의무 불이행,교차로,교차로부근,화물차,소형,보행자,보행자,1135098 ,1685538 ,128.98326411,35.15603051
2016,2016090304,10,야간,토,5,5,0,0,0,대구,달성군,차량단독,전도전복,전도전복,운전자법규위반,과속,단일로,기타단일로,승용차,경형,,,1084722 ,1747358 ,128.43669599,35.7188784
2016,2016090510,17,주간,월,1,1,0,0,0,인천,남구,차대사람,횡단중,횡단중,운전자법규위반,보행자 보호의무 위반,교차로,교차로부근,건설기계,건설기계,보행자,보행자,924827  ,1940043 ,126.65003187,37.456532
2016,2016101401,15,야간,금,1,1,0,0,0,서울,성북구,차대사람,기타,기타,운전자법규위반,안전운전 의무 불이행,단일로,기타단일로,승용차,중형,보행자,보행자,958648  ,1956355 ,127.03150489,37.6056889
2016,2016101219,15,야간,수,1,1,0,0,0,경기,고양시,차대사람,기타,기타,운전자법규위반,안전운전 의무 불이행,교차로,교차로부근,건설기계,건설기계,보행자,보행자,944597  ,1960608 ,126.87200013,37.64328163