발생년,발생년월일시,발생분,주야,요일,사망자수,사상자수,중상자수,경상자수,부상신고자수,발생지시도,발생지시군구,사고유형_대분류,사고유형_중분류,사고유형,법규위반_대분류,법규위반,도로형태_대분류,도로형태,당사자종별_1당_대분류,당사자종별_1당,당사자종별_2당_대분류,당사자종별_2당,발생위치X_UTMK,발생위치Y_UTMK,경도,위도
2016,2016101322,35,야간,목,1,1,0,0,0,경북,경산시,차량단독,전도전복,전도전복,운전자법규위반,안전운전 의무 불이행,단일로,기타단일로,승용차,경형,,,1119544 ,1774900 ,128.82573852,35.96352379
2016,2016101011,35,주간,월,1,3,1,1,0,인천,중구,차대차,추돌,진행중 추돌,운전자법규위반,안전운전 의무 불이행,교차로,교차로부근,화물차,소형,승용차,중형,923104  ,1941430 ,126.63040747,37.46889087
2016,2016101006,00,주간,월,1,1,0,0,0,경기,여주시,차대차,측면직각충돌,측면직각충돌,운전자법규위반,안전운전 의무 불이행,단일로,기타단일로,승용차,중형,농기계,농기계,1011388 ,1926150 ,127.62855442,37.33428979
2016,2016100923,15,야간,일,1,1,0,0,0,경기,포천시,차대사람,횡단중,횡단중,운전자법규위반,안전운전 의무 불이행,단일로,기타단일로,승용차,경형,보행자,보행자,981151  ,1983872 ,127.28573531,37.85444321
2016,2016102017,40,주간,목,2,5,3,0,0,경기,안성시,차대차,추돌,진행중 추돌,운전자법규위반,안전운전 의무 불이행,단일로,기타단일로,승용차,중형,화물차,소형,973433  ,1894809 ,127.20121294,37.05147137
2016,2016102100,14,야간,금,1,1,0,0,0,울산,남구,차대사람,기타,기타,운전자법규위반,안전운전 의무 불이행,단일로,기타단일로,승용차,경형,보행자,보행자,1166766 ,1726358 ,129.33912799,35.51915388
2016,2016102402,24,야간,월,1,1,0,0,0,서울,도봉구,차대사람,차도통행중,차도통행중,운전자법규위반,안전운전 의무 불이행,교차로,교차로부근,승합차,소형,보행자,보행자,959882  ,1961546 ,127.04519999,37.65253101
2016,2016100204,50,야간,일,1,1,0,0,0,광주,북구,차대사람,횡단중,횡단중,운전자법규위반,안전운전 의무 불이행,교차로,교차로내,승용차,중형,보행자,보행자,945231  ,1684971 ,126.8986445,35.15850151
2016,2016100304,38,야간,월,1,1,0,0,0,서울,영등포구,차대사람,차도통행중,차도통행중,운전자법규위반,안전운전 의무 불이행,단일로,기타단일로,화물차,경형,보행자,보행자,945862  ,1949597 ,126.88698644,37.54465302
2016,2016100605,23,야간,목,1,1,0,0,0,충남,공주시,차량단독,공작물충돌,공작물충돌,운전자법규위반,안전운전 의무 불이행,단일로,기타단일로,화물차,대형,,,965872  ,1838390 ,127.11870855,36.54263558
2016,2016100113,20,주간,토,1,1,0,0,0,부산,영도구,차대사람,기타,기타,운전자법규위반,신호위반,단일로,기타단일로,건설기계,건설기계,보행자,보행자,1140327 ,1678856 ,129.03991868,35.09470979
2016,2016100116,30,주간,토,1,1,0,0,0,부산,사하구,차대차,측면직각충돌,측면직각충돌,운전자법규위반,안전운전 의무 불이행,기타/불명,기타/불명,승용차,경형,이륜차,중형,1133137 ,1679527 ,128.96077202,35.10210265
2016,2016100408,05,주간,화,1,1,0,0,0,부산,북구,차대사람,횡단중,횡단중,운전자법규위반,안전운전 의무 불이행,단일로,횡단보도상,승합차,중형,보행자,보행자,1136835 ,1691516 ,129.00332121,35.2096771
2016,2016100706,32,주간,금,1,1,0,0,0,부산,진구,차대차,측면직각충돌,측면직각충돌,운전자법규위반,안전운전 의무 불이행,단일로,기타단일로,화물차,대형,자전거,자전거,1142985 ,1687745 ,129.07018465,35.17476939
2016,2016093010,20,주간,금,1,2,0,0,1,경북,경주시,차대차,정면충돌,정면충돌,운전자법규위반,중앙선 침범,단일로,기타단일로,승용차,경형,화물차,소형,1145782 ,1778049 ,129.11720119,35.98833713
2016,2016093009,55,주간,금,1,1,0,0,0,경기,부천시,차대차,측면직각충돌,측면직각충돌,운전자법규위반,중앙선 침범,단일로,기타단일로,자전거,자전거,승합차,대형,935957  ,1943802 ,126.7755399,37.49124989
2016,2016093011,25,주간,금,1,1,0,0,0,충남,홍성군,차대사람,횡단중,횡단중,운전자법규위반,안전운전 의무 불이행,단일로,기타단일로,화물차,소형,보행자,보행자,925473  ,1845181 ,126.66672907,36.60155341
2016,2016093003,25,야간,금,1,1,0,0,0,광주,서구,차대사람,횡단중,횡단중,운전자법규위반,신호위반,단일로,횡단보도상,승용차,중형,보행자,보행자,943251  ,1684876 ,126.87691205,35.15753507
2016,2016100108,10,주간,토,1,1,0,0,0,경북,칠곡군,차량단독,기타,기타,운전자법규위반,안전운전 의무 불이행,단일로,기타단일로,자전거,자전거,,,1089839 ,1767815 ,128.49556209,35.90284192
2016,2016100105,50,야간,토,1,1,0,0,0,경남,창원시(통합),차대차,정면충돌,정면충돌,운전자법규위반,중앙선 침범,단일로,기타단일로,승용차,중형,원동기장치자전거,원동기장치자전거,1109229 ,1682012 ,128.6988395,35.1273824
2016,2016091718,50,야간,토,1,1,0,0,0,경남,고성군,차대사람,길가장자리구역통행중,길가장자리구역통행중,운전자법규위반,안전운전 의무 불이행,단일로,기타단일로,화물차,소형,보행자,보행자,1069521 ,1678289 ,128.26275686,35.0973414
2016,2016092802,56,야간,수,1,1,0,0,0,광주,남구,차대사람,기타,기타,운전자법규위반,과속,단일로,기타단일로,승용차,중형,보행자,보행자,945002  ,1682679 ,126.89628289,35.13782269
2016,2016092423,56,야간,토,1,1,0,0,0,서울,마포구,차대차,정면충돌,정면충돌,운전자법규위반,신호위반,교차로,교차로내,승용차,경형,이륜차,소형,950702  ,1949987 ,126.94191328,37.54790165
2016,2016092918,40,야간,목,1,1,0,0,0,경기,용인시,차대사람,차도통행중,차도통행중,운전자법규위반,안전운전 의무 불이행,단일로,기타단일로,승합차,대형,보행자,보행자,964913  ,1919457 ,127.10423753,37.27336763
2016,2016092313,06,주간,금,1,1,0,0,0,서울,중랑구,차대사람,차도통행중,차도통행중,운전자법규위반,안전운전 의무 불이행,단일로,기타단일로,화물차,소형,보행자,보행자,965063  ,1955759 ,127.10420999,37.6005831
2016,2016090410,27,주간,일,1,1,0,0,0,전북,익산시,차량단독,전도전복,전도전복,운전자법규위반,안전운전 의무 불이행,단일로,기타단일로,이륜차,대형,,,962986  ,1786064 ,127.08894908,36.0707963
2016,2016090420,40,야간,일,1,1,0,0,0,서울,금천구,차대사람,기타,기타,운전자법규위반,안전운전 의무 불이행,교차로,교차로내,승합차,중형,보행자,보행자,947792  ,1939212 ,126.90973664,37.45062426
2016,2016090217,05,주간,금,1,1,0,0,0,광주,남구,차대사람,보도통행중,보도통행중,운전자법규위반,기타(운전자법규위반),단일로,기타단일로,승용차,경형,보행자,보행자,945219  ,1681788 ,126.89856818,35.12992608
2016,2016090305,29,야간,토,1,1,0,0,0,부산,북구,차대사람,횡단중,횡단중,운전자법규위반,안전운전 의무 불이행,단일로,기타단일로,승용차,중형,보행자,보행자,1136103 ,1690083 ,128.99489441,35.19692269
2016,2016100918,25,야간,일,1,1,0,0,0,경기,수원시,차대사람,횡단중,횡단중,운전자법규위반,안전운전 의무 불이행,교차로,교차로내,이륜차,소형,보행자,보행자,954000  ,1919701 ,126.98113373,37.27509147
2016,2016122914,30,주간,목,1,1,0,0,0,경남,김해시,차대사람,횡단중,횡단중,운전자법규위반,중앙선 침범,단일로,기타단일로,승용차,중형,보행자,보행자,1125974 ,1694263 ,128.88445106,35.2358625
2016,2016122121,54,야간,수,1,1,0,0,0,서울,종로구,차대사람,차도통행중,차도통행중,운전자법규위반,안전운전 의무 불이행,단일로,기타단일로,승용차,중형,보행자,보행자,952405  ,1956316 ,126.9607804,37.60503542
2016,2016122118,10,야간,수,1,1,0,0,0,광주,서구,차량단독,기타,기타,운전자법규위반,안전운전 의무 불이행,단일로,기타단일로,승합차,중형,,,943090  ,1682519 ,126.87530684,35.13627364
2016,2016122417,14,주간,토,1,6,0,4,1,경기,가평군,차대차,정면충돌,정면충돌,운전자법규위반,중앙선 침범,단일로,교량위,화물차,소형,승합차,대형,997227  ,1964433 ,127.4685523,37.67942524
2016,2016122119,20,야간,수,1,1,0,0,0,세종,세종,차대사람,기타,기타,운전자법규위반,안전운전 의무 불이행,기타/불명,기타/불명,승용차,중형,보행자,보행자,974481  ,1851592 ,127.21445212,36.66191932
2016,2016122521,50,야간,일,1,1,0,0,0,강원,춘천시,차대사람,차도통행중,차도통행중,운전자법규위반,안전운전 의무 불이행,단일로,기타단일로,승용차,중형,보행자,보행자,1019924 ,1987145 ,127.72657491,37.88391999
2016,2016120321,45,야간,토,1,1,0,0,0,경기,광주시,차대사람,횡단중,횡단중,운전자법규위반,안전운전 의무 불이행,교차로,교차로내,승용차,중형,보행자,보행자,977097  ,1941927 ,127.24096932,37.4762866
2016,2016040215,45,주간,토,1,1,0,0,0,충남,아산시,차량단독,기타,기타,운전자법규위반,안전운전 의무 불이행,단일로,기타단일로,이륜차,소형,,,943530  ,1867648 ,126.86694892,36.80531891
2016,2016080917,15,주간,화,4,6,2,0,0,충북,음성군,차대차,측면직각충돌,측면직각충돌,운전자법규위반,중앙선 침범,교차로,교차로부근,승용차,중형,승용차,중형,1017621 ,1881174 ,127.6978575,36.92877088
2016,2016072122,32,야간,목,1,1,0,0,0,서울,강북구,차대사람,기타,기타,운전자법규위반,안전운전 의무 불이행,기타/불명,기타/불명,화물차,소형,보행자,보행자,958128  ,1960335 ,127.02538574,37.64153777
2016,2016121903,20,야간,월,1,1,0,0,0,충남,논산시,차대사람,횡단중,횡단중,운전자법규위반,안전운전 의무 불이행,단일로,기타단일로,화물차,소형,보행자,보행자,960667  ,1802558 ,127.06237137,36.21940626
2016,2016110809,55,주간,화,1,2,0,1,0,충남,태안군,차대차,측면직각충돌,측면직각충돌,운전자법규위반,과속,교차로,교차로내,승용차,중형,이륜차,소형,883198  ,1863088 ,126.19142111,36.75869998
2016,2016122006,00,주간,화,1,1,0,0,0,강원,인제군,차대사람,길가장자리구역통행중,길가장자리구역통행중,운전자법규위반,안전운전 의무 불이행,단일로,기타단일로,화물차,중형,보행자,보행자,1063126 ,2014440 ,128.22024534,38.12793691
2016,2016111303,35,야간,일,1,1,0,0,0,경기,화성시,차량단독,공작물충돌,공작물충돌,운전자법규위반,안전운전 의무 불이행,교차로,교차로내,원동기장치자전거,원동기장치자전거,,,960976  ,1913711 ,127.06013258,37.22141763
2016,2016100804,16,야간,토,1,1,0,0,0,경기,평택시,차대사람,횡단중,횡단중,운전자법규위반,안전운전 의무 불이행,단일로,교량위,화물차,소형,보행자,보행자,963299  ,1887658 ,127.08759127,36.98666929
2016,2016060415,15,주간,토,1,1,0,0,0,대구,서구,차대차,측면직각충돌,측면직각충돌,운전자법규위반,신호위반,교차로,교차로내,이륜차,소형,승용차,경형,1093668 ,1764057 ,128.53754548,35.86860569
2016,2016061303,50,야간,월,1,1,0,0,0,경기,평택시,차량단독,공작물충돌,공작물충돌,운전자법규위반,안전운전 의무 불이행,교차로,교차로내,승용차,중형,,,960350  ,1886778 ,127.05450052,36.97861707
2016,2016082106,10,주간,일,1,1,0,0,0,경기,이천시,차량단독,공작물충돌,공작물충돌,운전자법규위반,안전운전 의무 불이행,교차로,교차로내,승용차,소형,,,996437  ,1920395 ,127.45980635,37.28247747
2016,2016091509,38,주간,목,1,2,1,0,0,충남,태안군,차량단독,전도전복,전도전복,운전자법규위반,안전운전 의무 불이행,단일로,기타단일로,원동기장치자전거,원동기장치자전거,,,902588  ,1825139 ,126.41342171,36.41884045
2016,2016080800,10,야간,월,1,1,0,0,0,전남,해남군,차량단독,전도전복,전도전복,운전자법규위반,안전운전 의무 불이행,단일로,기타단일로,승용차,경형,,,917749  ,1618759 ,126.60342561,34.55962521
2016,2016081716,55,주간,수,1,3,1,1,0,대구,달서구,차대차,기타,기타,운전자법규위반,과속,교차로,교차로내,승용차,중형,승용차,경형,1091770 ,1756864 ,128.51845502,35.8038855
2016,2016081610,45,주간,화,1,1,0,0,0,경남,함안군,차량단독,전도전복,전도전복,운전자법규위반,안전운전 의무 불이행,교차로,교차로부근,이륜차,소형,,,1073582 ,1701889 ,128.30941738,35.30983616
2016,2016110518,45,야간,토,1,1,0,0,0,경남,통영시,차대사람,횡단중,횡단중,운전자법규위반,안전운전 의무 불이행,교차로,교차로내,승용차,대형,보행자,보행자,1078304 ,1659947 ,128.35738355,34.931318
2016,2016111817,45,주간,금,1,1,0,0,0,경북,김천시,차대사람,횡단중,횡단중,운전자법규위반,보행자 보호의무 위반,교차로,교차로부근,승용차,경형,보행자,보행자,1056865 ,1791475 ,128.13188234,36.11861915
2016,2016112518,23,야간,금,1,3,0,2,0,충북,음성군,차대차,추돌,진행중 추돌,운전자법규위반,안전운전 의무 불이행,단일로,기타단일로,화물차,경형,화물차,경형,996838  ,1886856 ,127.45477608,36.98569583
2016,2016102813,15,주간,금,1,1,0,0,0,충북,청주시,차량단독,전도전복,전도전복,운전자법규위반,안전운전 의무 불이행,단일로,기타단일로,화물차,소형,,,1011185 ,1848595 ,127.62511274,36.63517807
2016,2016112620,00,야간,토,1,2,0,1,0,경북,안동시,차대차,정면충돌,정면충돌,운전자법규위반,안전운전 의무 불이행,단일로,교량위,화물차,소형,화물차,소형,1107392 ,1845285 ,128.70068033,36.5993555
2016,2016010712,05,주간,목,1,1,0,0,0,서울,동대문구,차대사람,횡단중,횡단중,운전자법규위반,안전운전 의무 불이행,단일로,기타단일로,화물차,소형,보행자,보행자,958488  ,1953577 ,127.02984978,37.58064296
2016,2016011216,39,주간,화,1,1,0,0,0,경기,가평군,차량단독,공작물충돌,공작물충돌,운전자법규위반,안전운전 의무 불이행,단일로,기타단일로,승용차,대형,,,999828  ,1963920 ,127.49804952,37.67480554
2016,2016011409,45,주간,목,2,2,0,0,0,경북,의성군,차량단독,전도전복,전도전복,운전자법규위반,안전운전 의무 불이행,단일로,기타단일로,화물차,소형,,,1090519 ,1833627 ,128.51069422,36.49602486
2016,2016011017,50,주간,일,1,1,0,0,0,경북,포항시,차대사람,횡단중,횡단중,운전자법규위반,안전운전 의무 불이행,단일로,기타단일로,승합차,중형,보행자,보행자,1166232 ,1780952 ,129.34456902,36.01122501
2016,2016011213,46,주간,화,1,1,0,0,0,서울,동작구,차대사람,횡단중,횡단중,운전자법규위반,안전운전 의무 불이행,단일로,기타단일로,화물차,소형,보행자,보행자,950493  ,1945431 ,126.93985451,37.50682634
2016,2016011115,05,주간,월,1,1,0,0,0,경기,고양시,차대사람,횡단중,횡단중,운전자법규위반,안전운전 의무 불이행,단일로,횡단보도부근,승합차,대형,보행자,보행자,942017  ,1957930 ,126.84296977,37.61898587
2016,2016011800,57,야간,월,1,1,0,0,0,충남,예산군,차대사람,횡단중,횡단중,운전자법규위반,안전운전 의무 불이행,단일로,기타단일로,승용차,중형,보행자,보행자,933309  ,1850317 ,126.75388853,36.64843086
2016,2016011619,05,야간,토,1,1,0,0,0,충남,논산시,차대사람,차도통행중,차도통행중,운전자법규위반,안전운전 의무 불이행,단일로,기타단일로,화물차,소형,보행자,보행자,956422  ,1795227 ,127.01554909,36.15313276
2016,2016011511,10,주간,금,1,1,0,0,0,경북,문경시,차대차,측면직각충돌,측면직각충돌,운전자법규위반,중앙선 침범,단일로,기타단일로,원동기장치자전거,원동기장치자전거,승합차,대형,1068092 ,1852084 ,128.26194098,36.66425967
2016,2016011508,35,주간,금,1,3,1,1,0,전북,정읍시,차대차,정면충돌,정면충돌,운전자법규위반,중앙선 침범,단일로,교량위,승용차,중형,승용차,중형,956907  ,1734959 ,127.02420155,35.6097897
2016,2016011504,52,야간,금,1,1,0,0,0,경기,광명시,차량단독,공작물충돌,공작물충돌,운전자법규위반,안전운전 의무 불이행,단일로,기타단일로,승용차,경형,,,944841  ,1941856 ,126.87617645,37.47428379
2016,2016012115,40,주간,목,1,5,1,3,0,경북,김천시,차대차,추돌,진행중 추돌,운전자법규위반,안전운전 의무 불이행,단일로,기타단일로,승용차,중형,화물차,소형,1069609 ,1785721 ,128.27297465,36.06591636
2016,2016012120,16,야간,목,1,1,0,0,0,경기,안성시,차대사람,횡단중,횡단중,운전자법규위반,안전운전 의무 불이행,단일로,기타단일로,승합차,대형,보행자,보행자,980257  ,1889723 ,127.27809219,37.00579301
2016,2016011918,05,야간,화,1,1,0,0,0,대구,북구,차대사람,차도통행중,차도통행중,운전자법규위반,안전운전 의무 불이행,단일로,기타단일로,원동기장치자전거,원동기장치자전거,보행자,보행자,1101216 ,1768524 ,128.62170747,35.90812182
2016,2016011919,50,야간,화,1,4,2,1,0,경기,이천시,차대차,정면충돌,정면충돌,운전자법규위반,중앙선 침범,단일로,기타단일로,승용차,경형,승용차,중형,999067  ,1920840 ,127.48947441,37.28649506
2016,2016013014,35,주간,토,1,1,0,0,0,충남,서산시,차량단독,공작물충돌,공작물충돌,운전자법규위반,안전운전 의무 불이행,단일로,기타단일로,화물차,소형,,,900754  ,1884080 ,126.38532706,36.94990019
2016,2016013107,13,주간,일,1,1,0,0,0,서울,구로구,차대차,기타,기타,운전자법규위반,중앙선 침범,단일로,기타단일로,자전거,자전거,승용차,중형,940226  ,1942633 ,126.82392298,37.48099988
2016,2016020600,59,야간,토,1,1,0,0,0,인천,남구,차대사람,보도통행중,보도통행중,운전자법규위반,과속,교차로,교차로내,승용차,중형,보행자,보행자,925267  ,1938625 ,126.65515013,37.44378758
2016,2016020617,40,주간,토,1,1,0,0,0,서울,동작구,차대차,기타,기타,운전자법규위반,안전운전 의무 불이행,단일로,기타단일로,원동기장치자전거,원동기장치자전거,승용차,중형,950519  ,1945666 ,126.94023513,37.50888594
2016,2016011912,40,주간,화,1,8,2,5,0,전북,정읍시,차대차,기타,기타,운전자법규위반,안전운전 의무 불이행,단일로,기타단일로,화물차,중형,승용차,중형,942539  ,1734216 ,126.86562208,35.60236002
2016,2016072404,58,야간,일,1,1,0,0,0,경남,양산시,차대차,측면직각충돌,측면직각충돌,운전자법규위반,안전운전 의무 불이행,단일로,기타단일로,승용차,중형,승용차,경형,1137042 ,1700883 ,129.00715699,35.29408242
2016,2016120421,55,야간,일,1,1,0,0,0,경북,구미시,차량단독,기타,기타,운전자법규위반,안전운전 의무 불이행,단일로,기타단일로,승용차,경형,,,1078383 ,1789797 ,128.37080132,36.10199274
2016,2016120417,50,주간,일,1,1,0,0,0,경남,합천군,차대차,추돌,진행중 추돌,운전자법규위반,안전운전 의무 불이행,단일로,기타단일로,승용차,경형,농기계,농기계,1056526 ,1739484 ,128.12442514,35.64991004
2016,2016112712,20,주간,일,1,1,0,0,0,경기,안산시,차대차,기타,기타,운전자법규위반,안전운전 의무 불이행,교차로,교차로부근,승용차,중형,승합차,대형,940860  ,1923950 ,126.83258835,37.31264689
2016,2016113017,40,주간,수,1,1,0,0,0,경북,영덕군,차대사람,횡단중,횡단중,운전자법규위반,안전운전 의무 불이행,단일로,기타단일로,승용차,대형,보행자,보행자,1153814 ,1830750 ,129.21661756,36.46202203
2016,2016112617,50,주간,토,1,4,2,1,0,서울,강동구,차대차,기타,기타,운전자법규위반,안전운전 의무 불이행,단일로,기타단일로,승용차,대형,승용차,소형,966543  ,1949014 ,127.12128405,37.53984301
2016,2016120218,19,야간,금,1,1,0,0,0,인천,서구,차대사람,횡단중,횡단중,운전자법규위반,신호위반,단일로,기타단일로,승용차,중형,보행자,보행자,924705  ,1946013 ,126.6480418,37.51032785
2016,2016123106,55,주간,토,1,1,0,0,0,경기,평택시,차대사람,차도통행중,차도통행중,운전자법규위반,안전운전 의무 불이행,교차로,교차로부근,승용차,경형,보행자,보행자,958817  ,1882696 ,127.03749914,36.94175524
2016,2016120414,45,주간,일,3,4,1,0,0,전남,영암군,차량단독,공작물충돌,공작물충돌,운전자법규위반,안전운전 의무 불이행,단일로,기타단일로,승용차,중형,,,902100  ,1641434 ,126.43024389,34.7626997
2016,2016122415,25,주간,토,1,1,0,0,0,경기,김포시,차량단독,전도전복,전도전복,운전자법규위반,안전운전 의무 불이행,단일로,기타단일로,이륜차,소형,,,920711  ,1965528 ,126.60074052,37.68587038
2016,2016122212,18,주간,목,1,1,0,0,0,제주,서귀포시,차대사람,횡단중,횡단중,운전자법규위반,안전운전 의무 불이행,교차로,교차로부근,승용차,경형,보행자,보행자,913152  ,1474014 ,126.56763336,33.25372426
2016,2016122618,25,야간,월,1,1,0,0,0,충남,서천군,차대사람,횡단중,횡단중,운전자법규위반,안전운전 의무 불이행,단일로,기타단일로,승합차,소형,보행자,보행자,920609  ,1791987 ,126.61778064,36.12165303
2016,2016122217,40,주간,목,1,1,0,0,0,강원,양양군,차대사람,횡단중,횡단중,운전자법규위반,안전운전 의무 불이행,교차로,교차로내,승용차,경형,보행자,보행자,1097080 ,2017199 ,128.60796927,38.14978469
2016,2016122510,50,주간,일,1,1,0,0,0,서울,관악구,차대사람,기타,기타,운전자법규위반,안전운전 의무 불이행,교차로,교차로부근,승용차,중형,보행자,보행자,947130  ,1942649 ,126.90200574,37.4815651
2016,2016122500,20,야간,일,1,1,0,0,0,제주,제주시,차대차,측면직각충돌,측면직각충돌,운전자법규위반,신호위반,단일로,횡단보도상,승용차,경형,자전거,자전거,910867  ,1499930 ,126.54053782,33.48745451
2016,2016112806,40,주간,월,1,1,0,0,0,제주,서귀포시,차대사람,횡단중,횡단중,운전자법규위반,보행자 보호의무 위반,단일로,기타단일로,승용차,소형,보행자,보행자,885988  ,1473533 ,126.27552434,33.24647932
2016,2016120117,54,주간,목,1,1,0,0,0,부산,강서구,차대차,측면직각충돌,측면직각충돌,운전자법규위반,교차로 통행방법 위반,교차로,교차로내,승용차,중형,이륜차,소형,1125806 ,1677970 ,128.87306743,35.08746633
2016,2016120205,50,야간,금,1,2,0,1,0,경북,경주시,차대차,추돌,진행중 추돌,운전자법규위반,안전운전 의무 불이행,단일로,기타단일로,화물차,중형,화물차,소형,1155783 ,1765305 ,129.22560313,35.87194236
2016,2016120114,10,주간,목,1,2,0,1,0,경남,통영시,차대차,추돌,진행중 추돌,운전자법규위반,보행자 보호의무 위반,교차로,교차로부근,화물차,소형,승용차,소형,1084369 ,1650187 ,128.42280001,34.84283085
2016,2016112802,20,야간,월,1,1,0,0,0,인천,부평구,차대차,측면직각충돌,측면직각충돌,운전자법규위반,신호위반,교차로,교차로내,이륜차,소형,승용차,중형,931857  ,1943395 ,126.72920176,37.48728815
2016,2016112808,42,주간,월,1,1,0,0,0,대전,유성구,차대사람,횡단중,횡단중,운전자법규위반,보행자 보호의무 위반,교차로,교차로부근,승용차,중형,보행자,보행자,991056  ,1822402 ,127.40025802,36.39906795
2016,2016112801,50,야간,월,1,1,0,0,0,경남,진주시,차대차,측면직각충돌,측면직각충돌,운전자법규위반,안전운전 의무 불이행,단일로,기타단일로,이륜차,소형,화물차,소형,1041085 ,1685496 ,127.95113818,35.16388799
2016,2016112800,41,야간,월,1,1,0,0,0,경북,의성군,차량단독,전도전복,전도전복,운전자법규위반,안전운전 의무 불이행,단일로,기타단일로,화물차,소형,,,1075060 ,1832643 ,128.33800887,36.48849215
2016,2016120118,00,야간,목,1,2,0,1,0,충남,홍성군,차대차,추돌,진행중 추돌,운전자법규위반,안전운전 의무 불이행,단일로,기타단일로,화물차,소형,농기계,농기계,925274  ,1847978 ,126.66423224,36.62675014
2016,2016120114,45,주간,목,1,1,0,0,0,광주,광산구,차대사람,횡단중,횡단중,운전자법규위반,안전운전 의무 불이행,단일로,기타단일로,승용차,경형,보행자,보행자,936625  ,1685723 ,126.80409992,35.1647761
2016,2016112719,33,야간,일,1,1,0,0,0,경남,합천군,차대사람,횡단중,횡단중,운전자법규위반,안전운전 의무 불이행,단일로,기타단일로,승용차,중형,보행자,보행자,1058856 ,1749581 ,128.15090179,35.74080658
2016,2016112806,20,주간,월,1,1,0,0,0,충남,천안시,차대사람,기타,기타,운전자법규위반,안전운전 의무 불이행,단일로,기타단일로,승용차,경형,보행자,보행자,983342  ,1860662 ,127.31340519,36.74388029
2016,2016120223,25,야간,금,1,1,0,0,0,울산,울주군,차대사람,횡단중,횡단중,운전자법규위반,안전운전 의무 불이행,단일로,기타단일로,승용차,경형,보행자,보행자,1158213 ,1731988 ,129.24594382,35.57129497
2016,2016123023,26,야간,금,1,1,0,0,0,대전,동구,차대사람,횡단중,횡단중,운전자법규위반,안전운전 의무 불이행,단일로,기타단일로,승용차,경형,보행자,보행자,994161  ,1814353 ,127.43494486,36.32652697
2016,2016123105,40,야간,토,1,1,0,0,0,충남,아산시,차대사람,횡단중,횡단중,운전자법규위반,안전운전 의무 불이행,단일로,횡단보도상,승용차,경형,보행자,보행자,955360  ,1866449 ,126.99963302,36.79514263
2016,2016123107,05,주간,토,1,1,0,0,0,대구,동구,차대차,측면직각충돌,측면직각충돌,운전자법규위반,안전운전 의무 불이행,단일로,횡단보도상,승용차,중형,자전거,자전거,1102060 ,1767720 ,128.63095617,35.90078657
2016,2016122917,20,주간,목,2,5,2,1,0,대구,달서구,차대차,측면직각충돌,측면직각충돌,운전자법규위반,안전운전 의무 불이행,교차로,교차로내,승용차,중형,화물차,대형,1088740 ,1760265 ,128.48252722,35.83492747
2016,2016122911,40,주간,목,1,1,0,0,0,부산,북구,차대사람,기타,기타,운전자법규위반,안전운전 의무 불이행,단일로,기타단일로,화물차,소형,보행자,보행자,1137882 ,1694393 ,129.01542074,35.23532655
2016,2016122915,50,주간,목,1,4,1,2,0,전북,순창군,차대차,측면직각충돌,측면직각충돌,운전자법규위반,중앙선 침범,단일로,기타단일로,승용차,경형,승용차,경형,978137  ,1718487 ,127.25793262,35.46235739
2016,2016123115,00,주간,토,1,1,0,0,0,인천,남동구,차대차,측면직각충돌,측면직각충돌,운전자법규위반,신호위반,교차로,교차로내,승용차,중형,이륜차,소형,931466  ,1939879 ,126.72510656,37.45556992
2016,2016122708,40,주간,화,1,1,0,0,0,전북,전주시,차대사람,횡단중,횡단중,운전자법규위반,안전운전 의무 불이행,단일로,기타단일로,승용차,경형,보행자,보행자,963495  ,1759629 ,127.09581737,35.83248311
2016,2016122312,55,주간,금,1,1,0,0,0,인천,동구,차대사람,기타,기타,운전자법규위반,안전운전 의무 불이행,단일로,기타단일로,승용차,중형,보행자,보행자,924403  ,1942450 ,126.6449671,37.47812414
2016,2016122709,35,주간,화,1,1,0,0,0,대전,동구,차대차,측면직각충돌,측면직각충돌,운전자법규위반,기타(운전자법규위반),단일로,횡단보도상,자전거,자전거,승용차,경형,993140  ,1815528 ,127.42355906,36.33711337
2016,2016122414,45,주간,토,1,1,0,0,0,경기,가평군,차량단독,전도전복,전도전복,운전자법규위반,안전운전 의무 불이행,단일로,교량위,승용차,경형,,,990126  ,1964658 ,127.38801918,37.68140428
2016,2016112806,35,주간,월,1,1,0,0,0,경기,성남시,차대사람,횡단중,횡단중,운전자법규위반,안전운전 의무 불이행,단일로,횡단보도상,승용차,중형,보행자,보행자,967744  ,1930233 ,127.13570051,37.37060231