발생년,발생년월일시,발생분,주야,요일,사망자수,사상자수,중상자수,경상자수,부상신고자수,발생지시도,발생지시군구,사고유형_대분류,사고유형_중분류,사고유형,법규위반_대분류,법규위반,도로형태_대분류,도로형태,당사자종별_1당_대분류,당사자종별_1당,당사자종별_2당_대분류,당사자종별_2당,발생위치X_UTMK,발생위치Y_UTMK,경도,위도
2016,2016112820,15,야간,월,1,1,0,0,0,경기,평택시,차대사람,횡단중,횡단중,운전자법규위반,안전운전 의무 불이행,단일로,기타단일로,이륜차,소형,보행자,보행자,963990  ,1888385 ,127.09532114,36.99324935
2016,2016120214,40,주간,금,1,1,0,0,0,대구,남구,차대차,추돌,진행중 추돌,운전자법규위반,안전운전 의무 불이행,단일로,기타단일로,이륜차,소형,불명,불명,1096043 ,1761424 ,128.56341244,35.8447359
2016,2016120207,44,주간,금,1,1,0,0,0,부산,강서구,차량단독,전도전복,전도전복,운전자법규위반,신호위반,교차로,교차로부근,화물차,대형,,,1123508 ,1682156 ,128.85554299,35.12702922
2016,2016042407,10,주간,일,1,2,1,0,0,서울,강북구,차대차,측면직각충돌,측면직각충돌,운전자법규위반,신호위반,교차로,교차로내,화물차,중형,원동기장치자전거,원동기장치자전거,958356  ,1958142 ,127.02809502,37.62178228
2016,2016082220,13,야간,월,1,1,0,0,0,충남,당진시,차대사람,기타,기타,운전자법규위반,안전운전 의무 불이행,단일로,기타단일로,승용차,중형,보행자,보행자,933435  ,1874969 ,126.75314664,36.87065354
2016,2016070318,35,야간,일,1,2,1,0,0,경북,경주시,차량단독,전도전복,전도전복,운전자법규위반,안전운전 의무 불이행,교차로,교차로부근,승합차,경형,,,1157660 ,1772132 ,129.24773854,35.9331661
2016,2016082800,33,야간,일,1,1,0,0,0,부산,영도구,차대차,기타,기타,운전자법규위반,안전운전 의무 불이행,단일로,교량위,승용차,중형,이륜차,중형,1140098 ,1678849 ,129.03681606,35.09486908
2016,2016071900,40,야간,화,1,2,1,0,0,충북,진천군,차대차,기타,기타,운전자법규위반,중앙선 침범,단일로,기타단일로,승용차,경형,승용차,경형,994620  ,1864449 ,127.43970901,36.77815032
2016,2016112110,45,주간,월,1,1,0,0,0,충남,공주시,차대사람,보도통행중,보도통행중,운전자법규위반,기타(운전자법규위반),단일로,기타단일로,화물차,중형,보행자,보행자,968765  ,1830462 ,127.15135037,36.47126354
2016,2016120920,50,야간,금,1,1,0,0,0,충북,음성군,차대차,기타,기타,운전자법규위반,안전운전 의무 불이행,단일로,기타단일로,이륜차,소형,승합차,경형,999501  ,1889921 ,127.49439118,37.00778517
2016,2016110818,00,야간,화,1,1,0,0,0,강원,횡성군,차대사람,횡단중,횡단중,운전자법규위반,안전운전 의무 불이행,교차로,교차로내,승용차,중형,보행자,보행자,1056965 ,1952349 ,128.14506116,37.56874826
2016,2016101900,25,야간,수,1,1,0,0,0,강원,인제군,차량단독,전도전복,전도전복,운전자법규위반,안전운전 의무 불이행,단일로,기타단일로,이륜차,소형,,,1061281 ,2012089 ,128.19899402,38.10687676
2016,2016101804,45,야간,화,1,1,0,0,0,경남,함안군,차대사람,횡단중,횡단중,운전자법규위반,안전운전 의무 불이행,교차로,교차로내,화물차,소형,보행자,보행자,1082173 ,1698818 ,128.40360242,35.28147898
2016,2016092303,03,야간,금,1,3,2,0,0,울산,중구,차대차,정면충돌,정면충돌,운전자법규위반,안전운전 의무 불이행,단일로,교량위,승용차,경형,승용차,경형,1166820 ,1729943 ,129.34046128,35.55145275
2016,2016100407,43,주간,화,1,4,2,1,0,충북,청주시,차대차,측면직각충돌,측면직각충돌,운전자법규위반,과속,단일로,기타단일로,승용차,경형,승용차,경형,999206  ,1845366 ,127.49022172,36.60613751
2016,2016100707,00,주간,금,1,1,0,0,0,경북,성주군,차량단독,전도전복,전도전복,운전자법규위반,안전운전 의무 불이행,단일로,기타단일로,이륜차,소형,,,1061913 ,1765981 ,128.18597838,35.88847438
2016,2016100200,18,야간,일,1,1,0,0,0,경북,상주시,차대사람,횡단중,횡단중,운전자법규위반,안전운전 의무 불이행,단일로,기타단일로,승용차,경형,보행자,보행자,1059165 ,1823659 ,128.15987462,36.40861875
2016,2016111816,05,주간,금,1,2,0,1,0,서울,송파구,차대사람,횡단중,횡단중,운전자법규위반,보행자 보호의무 위반,단일로,횡단보도상,이륜차,소형,보행자,보행자,967034  ,1943214 ,127.127102,37.48758267
2016,2016011500,30,야간,금,1,1,0,0,0,경기,김포시,차대차,정면충돌,정면충돌,운전자법규위반,안전운전 의무 불이행,단일로,기타단일로,화물차,소형,화물차,소형,928643  ,1961986 ,126.69103955,37.65459974
2016,2016103013,05,주간,일,1,1,0,0,0,서울,금천구,차대차,측면직각충돌,측면직각충돌,운전자법규위반,신호위반,교차로,교차로내,화물차,중형,이륜차,소형,946711  ,1939556 ,126.8974906,37.45366314
2016,2016060322,28,야간,금,2,3,1,0,0,대구,북구,차대사람,기타,기타,운전자법규위반,보행자 보호의무 위반,단일로,기타단일로,승용차,중형,보행자,보행자,1095820 ,1766461 ,128.56179369,35.89007641
2016,2016071119,04,야간,월,1,1,0,0,0,대전,동구,차대사람,횡단중,횡단중,운전자법규위반,안전운전 의무 불이행,교차로,교차로부근,승합차,경형,보행자,보행자,996182  ,1813629 ,127.45746534,36.32000992
2016,2016072622,20,야간,화,1,2,0,1,0,전북,완주군,차대차,정면충돌,정면충돌,운전자법규위반,중앙선 침범,교차로,교차로부근,원동기장치자전거,원동기장치자전거,승용차,경형,963045  ,1769295 ,127.09038672,35.91961394
2016,2016080120,58,야간,월,1,4,1,2,0,충남,홍성군,차대차,측면직각충돌,측면직각충돌,운전자법규위반,중앙선 침범,단일로,기타단일로,승용차,경형,승합차,경형,921348  ,1833380 ,126.62181734,36.4948472
2016,2016080422,30,야간,목,1,3,1,1,0,충북,청주시,차대차,정면충돌,정면충돌,운전자법규위반,안전운전 의무 불이행,단일로,기타단일로,화물차,소형,승용차,경형,980414  ,1849059 ,127.28090432,36.63922525
2016,2016100309,09,주간,월,1,1,0,0,0,경기,고양시,차대사람,횡단중,횡단중,운전자법규위반,안전운전 의무 불이행,교차로,교차로부근,승용차,경형,보행자,보행자,933621  ,1966220 ,126.74708404,37.69313267
2016,2016090506,35,주간,월,1,4,3,0,0,강원,태백시,차대차,정면충돌,정면충돌,운전자법규위반,중앙선 침범,교차로,교차로내,건설기계,건설기계,승용차,중형,1132575 ,1919101 ,128.99509506,37.26137885
2016,2016102417,30,주간,월,1,1,0,0,0,경남,의령군,차량단독,전도전복,전도전복,운전자법규위반,안전운전 의무 불이행,단일로,기타단일로,이륜차,소형,,,1070263 ,1705349 ,128.2732077,35.34127082
2016,2016121623,15,야간,금,1,1,0,0,0,서울,광진구,차량단독,전도전복,전도전복,운전자법규위반,안전운전 의무 불이행,단일로,기타단일로,이륜차,소형,,,962765  ,1952086 ,127.07836408,37.5673871
2016,2016021019,00,야간,수,1,1,0,0,0,경남,창녕군,차대사람,횡단중,횡단중,운전자법규위반,안전운전 의무 불이행,교차로,교차로내,승용차,중형,보행자,보행자,1103682 ,1715262 ,128.64217092,35.4277259
2016,2016010808,20,주간,금,1,1,0,0,0,강원,고성군,차량단독,전도전복,전도전복,운전자법규위반,안전운전 의무 불이행,교차로,교차로내,승용차,소형,,,1082335 ,2044177 ,128.44284638,38.39435734
2016,2016011211,25,주간,화,1,1,0,0,0,전북,남원시,차량단독,전도전복,전도전복,운전자법규위반,안전운전 의무 불이행,단일로,기타단일로,원동기장치자전거,원동기장치자전거,,,995478  ,1711432 ,127.45020205,35.39858319
2016,2016011122,59,야간,월,1,1,0,0,0,경기,김포시,차대사람,차도통행중,차도통행중,운전자법규위반,안전운전 의무 불이행,교차로,교차로부근,승용차,소형,보행자,보행자,926017  ,1962912 ,126.66117807,37.66273737
2016,2016011114,22,주간,월,1,7,4,2,0,강원,태백시,차대차,정면충돌,정면충돌,운전자법규위반,중앙선 침범,단일로,기타단일로,화물차,소형,승합차,중형,1133540 ,1904299 ,129.0033268,37.12785987
2016,2016011807,14,주간,월,1,3,2,0,0,경북,성주군,차대차,기타,기타,운전자법규위반,안전운전 의무 불이행,기타/불명,기타/불명,승용차,중형,화물차,소형,1074353 ,1768664 ,128.324049,35.91179582
2016,2016011810,00,주간,월,1,1,0,0,0,경기,포천시,차량단독,도로이탈,도로이탈 추락,운전자법규위반,안전운전 의무 불이행,단일로,기타단일로,승용차,중형,,,966889  ,1995695 ,127.12307234,37.96059552
2016,2016011805,50,야간,월,1,1,0,0,0,대전,동구,차량단독,기타,기타,운전자법규위반,안전운전 의무 불이행,단일로,기타단일로,승용차,중형,,,996725  ,1811196 ,127.46352488,36.29807726
2016,2016011418,00,야간,목,1,1,0,0,0,경기,광주시,차대차,추돌,진행중 추돌,운전자법규위반,안전운전 의무 불이행,단일로,기타단일로,승용차,대형,이륜차,소형,969221  ,1929022 ,127.15243182,37.35973691
2016,2016011510,21,주간,금,1,1,0,0,0,전남,영암군,차량단독,전도전복,전도전복,운전자법규위반,안전운전 의무 불이행,단일로,기타단일로,이륜차,소형,,,906123  ,1641338 ,126.47420766,34.76221239
2016,2016012117,22,주간,목,1,1,0,0,0,경기,고양시,차대사람,횡단중,횡단중,운전자법규위반,안전운전 의무 불이행,교차로,교차로내,승합차,경형,보행자,보행자,941847  ,1961850 ,126.84073145,37.65430554
2016,2016012106,55,주간,목,1,1,0,0,0,경기,안성시,차량단독,도로이탈,도로이탈 기타,운전자법규위반,안전운전 의무 불이행,단일로,기타단일로,화물차,소형,,,997474  ,1898551 ,127.47157846,37.08557581
2016,2016012221,28,야간,금,1,1,0,0,0,경북,칠곡군,차대차,추돌,진행중 추돌,운전자법규위반,기타(운전자법규위반),단일로,기타단일로,승용차,중형,승용차,경형,1081378 ,1772272 ,128.40226776,35.94376218
2016,2016012407,54,주간,일,1,1,0,0,0,경기,양평군,차량단독,공작물충돌,공작물충돌,운전자법규위반,안전운전 의무 불이행,단일로,기타단일로,승용차,대형,,,1014764 ,1950768 ,127.6671575,37.55614181
2016,2016012919,01,야간,금,1,1,0,0,0,경남,김해시,차대차,추돌,진행중 추돌,운전자법규위반,안전운전 의무 불이행,단일로,기타단일로,승용차,소형,건설기계,건설기계,1119935 ,1686537 ,128.81697363,35.16695543
2016,2016012916,25,주간,금,1,2,0,1,0,충남,태안군,차대차,정면충돌,정면충돌,운전자법규위반,중앙선 침범,기타/불명,기타/불명,화물차,경형,승합차,대형,902619  ,1825020 ,126.41378238,36.41777096
2016,2016012910,58,주간,금,1,1,0,0,0,경남,산청군,차대사람,횡단중,횡단중,운전자법규위반,안전운전 의무 불이행,단일로,기타단일로,화물차,소형,보행자,보행자,1046383 ,1709106 ,128.01064568,35.37654122
2016,2016012711,51,주간,수,1,1,0,0,0,전북,남원시,차량단독,전도전복,전도전복,운전자법규위반,안전운전 의무 불이행,단일로,기타단일로,승용차,중형,,,994332  ,1714433 ,127.43756101,35.42563681
2016,2016020300,23,야간,수,1,1,0,0,0,경남,창원시(통합),차대사람,기타,기타,운전자법규위반,안전운전 의무 불이행,단일로,기타단일로,승용차,중형,보행자,보행자,1093069 ,1696659 ,128.52315773,35.26106007
2016,2016020221,00,야간,화,1,1,0,0,0,경북,경주시,차대차,기타,기타,운전자법규위반,안전운전 의무 불이행,단일로,기타단일로,화물차,소형,화물차,대형,1156954 ,1778385 ,129.24115232,35.98963075
2016,2016021122,34,야간,목,1,1,0,0,0,서울,종로구,차대사람,횡단중,횡단중,운전자법규위반,안전운전 의무 불이행,단일로,기타단일로,승합차,대형,보행자,보행자,954513  ,1952433 ,126.98490297,37.57014399
2016,2016021202,57,야간,금,1,1,0,0,0,경기,안양시,차대사람,기타,기타,운전자법규위반,안전운전 의무 불이행,단일로,기타단일로,승용차,중형,보행자,보행자,949287  ,1933899 ,126.9270034,37.40281966
2016,2016021121,50,야간,목,1,1,0,0,0,충남,논산시,차대사람,횡단중,횡단중,운전자법규위반,안전운전 의무 불이행,교차로,교차로내,승용차,대형,보행자,보행자,964310  ,1792456 ,127.10336262,36.12847339
2016,2016021123,17,야간,목,1,1,0,0,0,경기,의왕시,차대사람,횡단중,횡단중,운전자법규위반,과속,단일로,기타단일로,화물차,중형,보행자,보행자,954310  ,1927756 ,126.98413446,37.3477112
2016,2016010109,45,주간,금,1,67,4,62,0,전남,곡성군,차대차,추돌,진행중 추돌,운전자법규위반,안전거리 미확보,단일로,기타단일로,승합차,대형,승합차,대형,973572  ,1692938 ,127.22031844,35.2278243
2016,2016122822,30,야간,수,1,1,0,0,0,부산,사상구,차대사람,기타,기타,운전자법규위반,안전운전 의무 불이행,단일로,기타단일로,승용차,중형,보행자,보행자,1133609 ,1683695 ,128.96661154,35.13960287
2016,2016122815,00,주간,수,1,1,0,0,0,경기,성남시,차대사람,횡단중,횡단중,운전자법규위반,안전운전 의무 불이행,단일로,기타단일로,건설기계,건설기계,보행자,보행자,967580  ,1938087 ,127.13350366,37.44138961
2016,2016122818,35,야간,수,1,1,0,0,0,전북,익산시,차대사람,횡단중,횡단중,운전자법규위반,과속,단일로,횡단보도상,승용차,중형,보행자,보행자,950289  ,1781741 ,126.94833515,36.030703
2016,2016122307,00,주간,금,1,1,0,0,0,전북,전주시,차대사람,횡단중,횡단중,운전자법규위반,안전운전 의무 불이행,단일로,기타단일로,승용차,중형,보행자,보행자,965184  ,1761468 ,127.11443733,35.84912493
2016,2016122722,42,야간,화,1,1,0,0,0,경기,평택시,차대사람,횡단중,횡단중,운전자법규위반,안전운전 의무 불이행,교차로,교차로내,승용차,경형,보행자,보행자,945704  ,1882294 ,126.89027067,36.93746685
2016,2016122401,19,야간,토,1,1,0,0,0,경기,수원시,차대사람,횡단중,횡단중,운전자법규위반,안전운전 의무 불이행,단일로,기타단일로,승합차,소형,보행자,보행자,958537  ,1918391 ,127.03238112,37.26349674
2016,2016122407,05,주간,토,1,1,0,0,0,제주,제주시,차대사람,횡단중,횡단중,운전자법규위반,안전운전 의무 불이행,단일로,기타단일로,화물차,소형,보행자,보행자,909995  ,1502762 ,126.53076523,33.51296576
2016,2016122811,55,주간,수,1,1,0,0,0,경남,창원시(통합),차대사람,기타,기타,운전자법규위반,기타(운전자법규위반),교차로,교차로내,승용차,소형,보행자,보행자,1109429 ,1691308 ,128.70226726,35.21116597
2016,2016122718,10,야간,화,1,1,0,0,0,전북,김제시,차대차,기타,기타,운전자법규위반,안전운전 의무 불이행,단일로,기타단일로,승합차,소형,원동기장치자전거,원동기장치자전거,943489  ,1754774 ,126.87466435,35.78776293
2016,2016112823,45,야간,월,1,1,0,0,0,경북,김천시,차량단독,기타,기타,운전자법규위반,안전운전 의무 불이행,단일로,기타단일로,이륜차,소형,,,1055367 ,1796956 ,128.11562345,36.16811814
2016,2016112819,24,야간,월,1,1,0,0,0,경기,남양주시,차대사람,횡단중,횡단중,운전자법규위반,신호위반,교차로,교차로부근,승용차,소형,보행자,보행자,971867  ,1962598 ,127.18102573,37.66245855
2016,2016120205,00,야간,금,1,1,0,0,0,전남,완도군,차대사람,기타,기타,운전자법규위반,안전운전 의무 불이행,단일로,기타단일로,화물차,중형,보행자,보행자,961046  ,1598527 ,127.07628847,34.37972725
2016,2016112809,00,주간,월,1,1,0,0,0,경남,양산시,차대차,정면충돌,정면충돌,운전자법규위반,안전운전 의무 불이행,단일로,기타단일로,승용차,중형,자전거,자전거,1138231 ,1703072 ,129.02059846,35.31365001
2016,2016112905,00,야간,화,1,1,0,0,0,경기,성남시,차대차,기타,기타,운전자법규위반,교차로 통행방법 위반,교차로,교차로내,승합차,대형,자전거,자전거,967349  ,1937179 ,127.13093253,37.43319715
2016,2016120218,35,야간,금,1,1,0,0,0,경북,성주군,차대사람,횡단중,횡단중,운전자법규위반,안전운전 의무 불이행,기타/불명,기타/불명,승용차,중형,보행자,보행자,1075604 ,1760221 ,128.3371113,35.83558481
2016,2016120316,00,주간,토,1,1,0,0,0,전북,남원시,차량단독,전도전복,전도전복,운전자법규위반,안전운전 의무 불이행,단일로,기타단일로,이륜차,사발이,,,1011583 ,1721365 ,127.62766003,35.48806075
2016,2016120116,25,주간,목,1,1,0,0,0,경남,함안군,차대사람,기타,기타,운전자법규위반,과속,단일로,기타단일로,승용차,대형,보행자,보행자,1093069 ,1703274 ,128.52390852,35.32069803
2016,2016120209,02,주간,금,1,1,0,0,0,충남,서산시,차대차,측면직각충돌,측면직각충돌,운전자법규위반,교차로 통행방법 위반,교차로,교차로내,이륜차,소형,건설기계,건설기계,912725  ,1855707 ,126.52301589,36.6953494
2016,2016120405,50,야간,일,1,1,0,0,0,경기,파주시,차량단독,전도전복,전도전복,운전자법규위반,안전운전 의무 불이행,단일로,기타단일로,승용차,중형,,,928675  ,1974509 ,126.69017491,37.76746504
2016,2016120401,08,야간,일,1,1,0,0,0,강원,삼척시,차량단독,전도전복,전도전복,운전자법규위반,안전운전 의무 불이행,단일로,기타단일로,승용차,중형,,,1138602 ,1921551 ,129.06349762,37.28257724
2016,2016120322,02,야간,토,1,1,0,0,0,경남,창녕군,차대사람,기타,기타,운전자법규위반,안전운전 의무 불이행,단일로,기타단일로,승용차,중형,보행자,보행자,1091918 ,1721175 ,128.51326499,35.48218983
2016,2016123013,10,주간,금,1,1,0,0,0,경남,거제시,차대사람,기타,기타,운전자법규위반,안전운전 의무 불이행,기타/불명,기타/불명,승합차,경형,보행자,보행자,1099311 ,1656041 ,128.5869009,34.89426104
2016,2016122916,45,주간,목,1,1,0,0,0,경남,양산시,차량단독,전도전복,전도전복,운전자법규위반,안전운전 의무 불이행,단일로,기타단일로,농기계,농기계,,,1147069 ,1704467 ,129.11803714,35.32496219
2016,2016123021,04,야간,금,1,1,0,0,0,경남,함안군,차대사람,횡단중,횡단중,운전자법규위반,안전운전 의무 불이행,교차로,교차로부근,승용차,중형,보행자,보행자,1084165 ,1692612 ,128.42486881,35.2253608
2016,2016123006,04,주간,금,1,2,1,0,0,경북,상주시,차대차,측면직각충돌,측면직각충돌,운전자법규위반,신호위반,교차로,교차로내,승용차,중형,승용차,경형,1059093 ,1824782 ,128.15915717,36.41874672
2016,2016122400,08,야간,토,1,1,0,0,0,서울,종로구,차대사람,기타,기타,운전자법규위반,안전운전 의무 불이행,교차로,교차로부근,승용차,중형,보행자,보행자,954908  ,1952462 ,126.98937402,37.57042481
2016,2016122322,07,야간,금,1,1,0,0,0,충남,천안시,차대차,정면충돌,정면충돌,운전자법규위반,중앙선 침범,단일로,기타단일로,승용차,중형,승합차,소형,967114  ,1871271 ,127.13117145,36.83909192
2016,2016122807,20,주간,수,1,1,0,0,0,전북,군산시,차대사람,횡단중,횡단중,운전자법규위반,보행자 보호의무 위반,교차로,교차로내,화물차,소형,보행자,보행자,929536  ,1776191 ,126.71838078,35.97994117
2016,2016122805,55,야간,수,1,1,0,0,0,경남,김해시,차대차,정면충돌,정면충돌,운전자법규위반,신호위반,교차로,교차로내,원동기장치자전거,원동기장치자전거,승용차,경형,1125557 ,1693983 ,128.87982667,35.23339078
2016,2016122111,00,주간,수,1,1,0,0,0,경북,군위군,차대차,정면충돌,정면충돌,운전자법규위반,중앙선 침범,단일로,기타단일로,승용차,대형,화물차,대형,1112561 ,1793601 ,128.75097893,36.13291985
2016,2016122500,10,야간,일,1,2,1,0,0,경북,영천시,차량단독,공작물충돌,공작물충돌,운전자법규위반,안전운전 의무 불이행,단일로,기타단일로,승용차,중형,,,1112570 ,1788176 ,128.75030361,36.08401988
2016,2016122723,54,야간,화,1,2,1,0,0,경기,평택시,차대차,정면충돌,정면충돌,운전자법규위반,중앙선 침범,단일로,기타단일로,승용차,중형,승용차,중형,964466  ,1886965 ,127.10073719,36.98046726
2016,2016122023,00,야간,화,1,1,0,0,0,부산,기장군,차량단독,공작물충돌,공작물충돌,운전자법규위반,안전운전 의무 불이행,단일로,기타단일로,이륜차,대형,,,1155658 ,1692336 ,129.20909055,35.21017982
2016,2016122722,46,야간,화,1,1,0,0,0,경기,시흥시,차대사람,횡단중,횡단중,운전자법규위반,안전운전 의무 불이행,단일로,기타단일로,승용차,중형,보행자,보행자,931754  ,1928286 ,126.7294334,37.35110356
2016,2016112812,50,주간,월,1,1,0,0,0,충북,음성군,차대차,측면직각충돌,측면직각충돌,운전자법규위반,안전운전 의무 불이행,교차로,교차로부근,이륜차,소형,농기계,농기계,1008255 ,1888778 ,127.59277464,36.99744556
2016,2016120218,05,야간,금,1,2,1,0,0,강원,원주시,차대사람,횡단중,횡단중,운전자법규위반,보행자 보호의무 위반,단일로,횡단보도상,화물차,소형,보행자,보행자,1040624 ,1924559 ,127.95849419,37.31913021
2016,2016120310,25,주간,토,1,2,1,0,0,경남,거제시,차대사람,보도통행중,보도통행중,운전자법규위반,안전운전 의무 불이행,단일로,기타단일로,승용차,경형,보행자,보행자,1111755 ,1653155 ,128.71700451,34.94288359
2016,2016120301,20,야간,토,1,1,0,0,0,경기,안양시,차대사람,횡단중,횡단중,운전자법규위반,과속,교차로,교차로부근,승용차,중형,보행자,보행자,947192  ,1937372 ,126.90308514,37.43400578
2016,2016113017,09,주간,수,1,2,0,1,0,충북,청주시,차대차,측면직각충돌,측면직각충돌,운전자법규위반,중앙선 침범,단일로,기타단일로,승용차,경형,건설기계,건설기계,1015888 ,1846088 ,127.67766731,36.61251071
2016,2016112906,25,주간,화,1,1,0,0,0,전남,해남군,차대사람,길가장자리구역통행중,길가장자리구역통행중,운전자법규위반,안전운전 의무 불이행,단일로,기타단일로,화물차,소형,보행자,보행자,905924  ,1605434 ,126.47601486,34.43846259
2016,2016120418,20,야간,일,1,2,1,0,0,경북,경주시,차대차,추돌,진행중 추돌,운전자법규위반,안전운전 의무 불이행,단일로,기타단일로,화물차,소형,자전거,자전거,1139288 ,1766743 ,129.04320299,35.88738831
2016,2016120402,42,야간,일,1,3,2,0,0,서울,서대문구,차대차,기타,기타,운전자법규위반,신호위반,교차로,교차로내,원동기장치자전거,원동기장치자전거,승용차,경형,950213  ,1953749 ,126.93595575,37.58192527
2016,2016121818,10,야간,일,1,1,0,0,0,경남,거창군,차대차,추돌,진행중 추돌,운전자법규위반,안전운전 의무 불이행,단일로,기타단일로,승용차,경형,자전거,자전거,1037904 ,1747184 ,127.91908275,35.72022542
2016,2016032815,25,주간,월,1,1,0,0,0,충남,청양군,차대차,측면직각충돌,측면직각충돌,운전자법규위반,직진 및 우회전차의 통행방해,교차로,교차로내,이륜차,소형,건설기계,건설기계,949422  ,1814882 ,126.93646365,36.32998533
2016,2016040222,41,야간,토,1,1,0,0,0,경남,밀양시,차대사람,횡단중,횡단중,운전자법규위반,안전운전 의무 불이행,단일로,기타단일로,승용차,중형,보행자,보행자,1115249 ,1720512 ,128.77031123,35.47377996
2016,2016042901,00,야간,금,1,1,0,0,0,서울,양천구,차대사람,횡단중,횡단중,운전자법규위반,과속,단일로,기타단일로,승용차,대형,보행자,보행자,943777  ,1948440 ,126.86364027,37.53356193
2016,2016041509,35,주간,금,1,1,0,0,0,전남,무안군,차대차,기타,기타,운전자법규위반,안전운전 의무 불이행,단일로,기타단일로,화물차,소형,이륜차,소형,909709  ,1651596 ,126.51228357,34.85502624
2016,2016061418,24,야간,화,1,1,0,0,0,강원,춘천시,차대차,추돌,진행중 추돌,운전자법규위반,안전운전 의무 불이행,단일로,기타단일로,승용차,경형,화물차,소형,1021303 ,1989727 ,127.742333,37.90716028
2016,2016120512,44,주간,월,1,1,0,0,0,충북,음성군,차대차,측면직각충돌,측면직각충돌,운전자법규위반,교차로 통행방법 위반,교차로,교차로내,승용차,대형,자전거,자전거,1003981 ,1879726 ,127.54469318,36.91587419
2016,2016092716,30,주간,화,1,1,0,0,0,경북,청송군,차량단독,공작물충돌,공작물충돌,운전자법규위반,안전운전 의무 불이행,단일로,기타단일로,이륜차,소형,,,1139124 ,1811986 ,129.04937069,36.29516499
2016,2016010322,10,야간,일,1,3,2,0,0,경남,진주시,차대차,추돌,진행중 추돌,운전자법규위반,안전운전 의무 불이행,교차로,교차로부근,승용차,중형,승합차,대형,1053959 ,1688598 ,128.09269956,35.19124889
2016,2016110106,15,주간,화,1,1,0,0,0,경기,안산시,차대사람,횡단중,횡단중,운전자법규위반,신호위반,교차로,교차로부근,승합차,중형,보행자,보행자,940274  ,1924513 ,126.82593028,37.31768391
2016,2016031009,50,주간,목,1,1,0,0,0,전북,김제시,차량단독,전도전복,전도전복,운전자법규위반,안전운전 의무 불이행,교차로,교차로부근,승용차,대형,,,945551  ,1758976 ,126.89719453,35.82576354
2016,2016062521,58,야간,토,1,1,0,0,0,대구,달성군,차대사람,횡단중,횡단중,운전자법규위반,과속,단일로,횡단보도부근,승용차,중형,보행자,보행자,1086102 ,1738618 ,128.42380744,35.7756586
2016,2016063023,25,야간,목,1,1,0,0,0,경남,고성군,차량단독,공작물충돌,공작물충돌,운전자법규위반,안전운전 의무 불이행,단일로,기타단일로,승용차,중형,,,1078761 ,1673226 ,128.3636437,35.05101175
2016,2016110418,41,야간,금,1,1,0,0,0,인천,강화군,차대차,측면직각충돌,측면직각충돌,운전자법규위반,안전운전 의무 불이행,단일로,기타단일로,승용차,경형,원동기장치자전거,원동기장치자전거,892506  ,1976952 ,126.27922074,37.78594225
2016,2016101703,45,야간,월,1,1,0,0,0,제주,제주시,차대사람,횡단중,횡단중,운전자법규위반,안전운전 의무 불이행,단일로,횡단보도상,승용차,중형,보행자,보행자,905833  ,1500262 ,126.4861834,33.48999894
2016,2016101509,25,주간,토,1,2,1,0,0,전북,익산시,차대차,기타,기타,운전자법규위반,안전운전 의무 불이행,단일로,기타단일로,화물차,대형,특수차,중형,954055  ,1772819 ,126.99053993,35.95100393
2016,2016010308,15,주간,일,1,4,1,2,0,충남,보령시,차대사람,기타,기타,운전자법규위반,안전운전 의무 불이행,단일로,기타단일로,승용차,대형,보행자,보행자,918021  ,1833558 ,126.5846553,36.49617251
2016,2016040203,21,야간,토,1,3,2,0,0,전북,정읍시,차량단독,전도전복,전도전복,운전자법규위반,안전운전 의무 불이행,단일로,교량위,승용차,경형,,,948581  ,1740939 ,126.9318948,35.66330761
2016,2016032005,00,야간,일,1,1,0,0,0,경기,남양주시,차대차,기타,기타,운전자법규위반,안전운전 의무 불이행,단일로,기타단일로,화물차,소형,승용차,중형,978333  ,1956140 ,127.25452861,37.60442561
2016,2016041114,20,주간,월,1,1,0,0,0,경북,영천시,차량단독,공작물충돌,공작물충돌,운전자법규위반,안전운전 의무 불이행,단일로,기타단일로,승용차,대형,,,1125094 ,1781154 ,128.88825944,36.01919734
2016,2016051120,00,야간,수,1,2,0,1,0,충남,당진시,차대차,추돌,진행중 추돌,운전자법규위반,안전운전 의무 불이행,단일로,기타단일로,화물차,소형,화물차,대형,927359  ,1875370 ,126.68494206,36.87382011
2016,2016122922,00,야간,목,1,1,0,0,0,전북,군산시,차대사람,횡단중,횡단중,운전자법규위반,안전운전 의무 불이행,단일로,기타단일로,승용차,경형,보행자,보행자,928988  ,1775048 ,126.71240137,35.96973955
2016,2016122913,40,주간,목,1,2,1,0,0,대구,북구,차대차,측면직각충돌,측면직각충돌,운전자법규위반,안전운전 의무 불이행,교차로,교차로내,이륜차,소형,자전거,자전거,1097705 ,1765321 ,128.58243764,35.87979644