발생년,발생년월일시,발생분,주야,요일,사망자수,사상자수,중상자수,경상자수,부상신고자수,발생지시도,발생지시군구,사고유형_대분류,사고유형_중분류,사고유형,법규위반_대분류,법규위반,도로형태_대분류,도로형태,당사자종별_1당_대분류,당사자종별_1당,당사자종별_2당_대분류,당사자종별_2당,발생위치X_UTMK,발생위치Y_UTMK,경도,위도
2016,2016122910,35,주간,목,1,1,0,0,0,경북,영양군,차량단독,전도전복,전도전복,운전자법규위반,안전운전 의무 불이행,단일로,기타단일로,원동기장치자전거,원동기장치자전거,,,1140531 ,1858501 ,129.07349687,36.71414441
2016,2016122823,30,야간,수,1,1,0,0,0,충북,보은군,차량단독,전도전복,전도전복,운전자법규위반,안전운전 의무 불이행,단일로,기타단일로,이륜차,소형,,,1019624 ,1832395 ,127.71909611,36.48899808
2016,2016122619,45,야간,월,1,1,0,0,0,울산,중구,차대사람,기타,기타,운전자법규위반,안전운전 의무 불이행,단일로,기타단일로,승용차,중형,보행자,보행자,1167281 ,1733195 ,129.34621731,35.58068173
2016,2016122113,18,주간,수,1,1,0,0,0,충북,단양군,차대사람,횡단중,횡단중,운전자법규위반,안전운전 의무 불이행,단일로,기타단일로,화물차,소형,보행자,보행자,1072150 ,1899724 ,128.31187859,37.09337376
2016,2016122607,00,주간,월,1,1,0,0,0,경기,양평군,차대사람,기타,기타,운전자법규위반,안전운전 의무 불이행,교차로,교차로내,화물차,중형,보행자,보행자,995826  ,1944666 ,127.45277672,37.50124957
2016,2016122522,10,야간,일,1,1,0,0,0,경남,밀양시,차대사람,횡단중,횡단중,운전자법규위반,안전운전 의무 불이행,단일로,기타단일로,승용차,경형,보행자,보행자,1109816 ,1712066 ,128.70930002,35.39825658
2016,2016122521,37,야간,일,1,1,0,0,0,경남,진주시,차대차,추돌,진행중 추돌,운전자법규위반,중앙선 침범,단일로,기타단일로,원동기장치자전거,원동기장치자전거,화물차,소형,1060280 ,1683998 ,128.16179099,35.14941291
2016,2016122219,38,야간,목,1,1,0,0,0,강원,동해시,차량단독,전도전복,전도전복,운전자법규위반,안전운전 의무 불이행,단일로,기타단일로,승용차,경형,,,1140041 ,1943595 ,129.08389771,37.48098708
2016,2016120411,15,주간,일,1,1,0,0,0,대전,동구,차대차,측면직각충돌,측면직각충돌,운전자법규위반,안전운전 의무 불이행,단일로,횡단보도상,승용차,경형,자전거,자전거,994837  ,1816270 ,127.44246379,36.34381342
2016,2016120323,30,야간,토,1,4,1,2,0,대전,서구,차대차,추돌,진행중 추돌,운전자법규위반,신호위반,교차로,교차로내,승용차,중형,승용차,대형,987462  ,1817944 ,127.36025035,36.35883735
2016,2016112914,22,주간,화,1,1,0,0,0,강원,고성군,차량단독,전도전복,전도전복,운전자법규위반,안전운전 의무 불이행,단일로,기타단일로,승용차,소형,,,1093030 ,2028711 ,128.56326211,38.25394664
2016,2016113022,05,야간,수,1,1,0,0,0,대전,유성구,차대사람,횡단중,횡단중,운전자법규위반,안전운전 의무 불이행,단일로,횡단보도부근,승용차,경형,보행자,보행자,984286  ,1816611 ,127.32487743,36.34677321
2016,2016112617,30,주간,토,1,1,0,0,0,부산,연제구,차대사람,횡단중,횡단중,운전자법규위반,안전운전 의무 불이행,교차로,교차로부근,승용차,중형,보행자,보행자,1144740 ,1687716 ,129.08960603,35.17430955
2016,2016120311,15,주간,토,1,4,1,2,0,전북,김제시,차대차,추돌,진행중 추돌,운전자법규위반,안전운전 의무 불이행,단일로,기타단일로,특수차,대형,승용차,중형,938314  ,1752744 ,126.81755909,35.76914976
2016,2016120318,57,야간,토,1,1,0,0,0,제주,제주시,차대사람,횡단중,횡단중,운전자법규위반,보행자 보호의무 위반,단일로,기타단일로,화물차,소형,보행자,보행자,908676  ,1503173 ,126.51657695,33.51673666
2016,2016112909,18,주간,화,1,1,0,0,0,경남,산청군,차량단독,전도전복,전도전복,운전자법규위반,안전운전 의무 불이행,단일로,기타단일로,이륜차,소형,,,1046639 ,1710283 ,128.01353121,35.3871417
2016,2016122907,10,주간,목,1,2,0,1,0,울산,북구,차대차,측면직각충돌,측면직각충돌,운전자법규위반,차로위반(진로변경 위반),단일로,기타단일로,이륜차,소형,승용차,경형,1168701 ,1731035 ,129.36143147,35.56097518
2016,2016122902,40,야간,목,1,1,0,0,0,제주,제주시,차대사람,횡단중,횡단중,운전자법규위반,안전운전 의무 불이행,교차로,교차로부근,승용차,경형,보행자,보행자,910168  ,1500744 ,126.53342629,33.49471017
2016,2016123018,05,야간,금,1,1,0,0,0,강원,강릉시,차대사람,횡단중,횡단중,운전자법규위반,안전운전 의무 불이행,단일로,기타단일로,승용차,중형,보행자,보행자,1123958 ,1973171 ,128.90706213,37.74978808
2016,2016123022,30,야간,금,1,1,0,0,0,경기,성남시,차대사람,기타,기타,운전자법규위반,안전운전 의무 불이행,교차로,교차로부근,승용차,경형,승용차,경형,969154  ,1938264 ,127.15128945,37.44303884
2016,2016123000,05,야간,금,1,1,0,0,0,서울,도봉구,차대사람,횡단중,횡단중,운전자법규위반,과속,단일로,기타단일로,승용차,중형,보행자,보행자,959921  ,1965617 ,127.04541834,37.68922512
2016,2016122907,35,주간,목,1,1,0,0,0,전북,남원시,차대차,측면직각충돌,측면직각충돌,운전자법규위반,안전운전 의무 불이행,교차로,교차로내,승용차,대형,자전거,자전거,988180  ,1711295 ,127.36941283,35.39739757
2016,2016122212,25,주간,목,1,1,0,0,0,경기,평택시,차대사람,횡단중,횡단중,운전자법규위반,안전운전 의무 불이행,단일로,횡단보도상,승용차,경형,보행자,보행자,947920  ,1881642 ,126.91519945,36.93171483
2016,2016122217,25,주간,목,1,5,2,2,0,전남,장성군,차대차,측면직각충돌,측면직각충돌,운전자법규위반,안전운전 의무 불이행,교차로,교차로내,승용차,소형,승용차,소형,935487  ,1701683 ,126.79035244,35.30860536
2016,2016122700,20,야간,화,1,1,0,0,0,경북,경주시,차대사람,길가장자리구역통행중,길가장자리구역통행중,운전자법규위반,안전운전 의무 불이행,단일로,기타단일로,화물차,소형,보행자,보행자,1156140 ,1760175 ,129.2285521,35.82565366
2016,2016112718,05,야간,일,1,2,0,1,0,전남,진도군,차대사람,횡단중,횡단중,운전자법규위반,안전운전 의무 불이행,단일로,기타단일로,승용차,중형,보행자,보행자,892314  ,1612270 ,126.32703823,34.49876814
2016,2016112720,40,야간,일,1,1,0,0,0,서울,동대문구,차대사람,횡단중,횡단중,운전자법규위반,안전운전 의무 불이행,단일로,횡단보도상,승합차,대형,보행자,보행자,960889  ,1954444 ,127.05699559,37.58856263
2016,2016120205,25,야간,금,1,1,0,0,0,경남,창원시(통합),차량단독,기타,기타,운전자법규위반,안전운전 의무 불이행,기타/불명,기타/불명,이륜차,소형,,,1110326 ,1689479 ,128.7118754,35.19457907
2016,2016123118,50,야간,토,1,1,0,0,0,충남,청양군,차대사람,차도통행중,차도통행중,운전자법규위반,안전운전 의무 불이행,단일로,기타단일로,화물차,경형,보행자,보행자,933928  ,1823472 ,126.76311213,36.40648254
2016,2016120109,45,주간,목,1,1,0,0,0,경기,성남시,차대사람,기타,기타,운전자법규위반,안전운전 의무 불이행,단일로,터널안,화물차,소형,보행자,보행자,964999  ,1932794 ,127.10457792,37.39358667
2016,2016120209,00,주간,금,1,1,0,0,0,경북,경주시,차대사람,횡단중,횡단중,운전자법규위반,안전운전 의무 불이행,단일로,기타단일로,승합차,대형,보행자,보행자,1160853 ,1749442 ,129.27854917,35.72816717
2016,2016120410,55,주간,일,1,1,0,0,0,강원,태백시,차량단독,공작물충돌,공작물충돌,운전자법규위반,안전운전 의무 불이행,단일로,기타단일로,승용차,소형,,,1133832 ,1904692 ,129.00668317,37.13135951
2016,2016120200,15,야간,금,1,1,0,0,0,서울,마포구,차대차,정면충돌,정면충돌,운전자법규위반,중앙선 침범,교차로,교차로부근,승용차,경형,승용차,대형,945440  ,1953949 ,126.88205198,37.58331476
2016,2016120123,28,야간,목,1,2,0,1,0,울산,남구,차대차,추돌,진행중 추돌,운전자법규위반,안전운전 의무 불이행,단일로,기타단일로,승용차,중형,승합차,대형,1162180 ,1728074 ,129.28891834,35.53537931
2016,2016120220,02,야간,금,1,1,0,0,0,부산,강서구,차대사람,차도통행중,차도통행중,운전자법규위반,안전운전 의무 불이행,단일로,기타단일로,승용차,경형,보행자,보행자,1126221 ,1680679 ,128.88508601,35.11337798
2016,2016120210,40,주간,금,1,1,0,0,0,경기,의정부시,차대사람,횡단중,횡단중,운전자법규위반,안전운전 의무 불이행,단일로,기타단일로,화물차,중형,보행자,보행자,961101  ,1972179 ,127.05845079,37.74841968
2016,2016113015,07,주간,수,1,1,0,0,0,경남,김해시,차대차,측면직각충돌,측면직각충돌,운전자법규위반,교차로 통행방법 위반,교차로,교차로내,자전거,자전거,화물차,소형,1124679 ,1692303 ,128.86992563,35.21835598
2016,2016123021,00,야간,금,1,1,0,0,0,경남,하동군,차량단독,전도전복,전도전복,운전자법규위반,안전운전 의무 불이행,기타/불명,기타/불명,원동기장치자전거,원동기장치자전거,,,1028107 ,1666501 ,127.80798979,34.99305325
2016,2016122220,55,야간,목,1,1,0,0,0,경북,경주시,차대사람,횡단중,횡단중,운전자법규위반,안전운전 의무 불이행,단일로,기타단일로,승용차,경형,보행자,보행자,0       ,0       ,117.99260276,19.69447709
2016,2016122304,25,야간,금,1,1,0,0,0,서울,송파구,차대사람,횡단중,횡단중,운전자법규위반,안전운전 의무 불이행,교차로,교차로내,승용차,대형,보행자,보행자,966117  ,1943682 ,127.11861184,37.49242113
2016,2016122306,10,주간,금,1,1,0,0,0,경북,포항시,차대차,측면직각충돌,측면직각충돌,운전자법규위반,안전운전 의무 불이행,단일로,기타단일로,특수차,대형,승용차,경형,1169489 ,1778873 ,129.38024757,35.99192982
2016,2016112720,55,야간,일,1,1,0,0,0,충남,서산시,차대사람,차도통행중,차도통행중,운전자법규위반,안전운전 의무 불이행,단일로,기타단일로,승용차,대형,보행자,보행자,907878  ,1865000 ,126.46764369,36.77865303
2016,2016012513,05,주간,월,1,4,0,3,0,경기,광주시,차량단독,공작물충돌,공작물충돌,운전자법규위반,안전운전 의무 불이행,단일로,기타단일로,승용차,경형,,,978166  ,1939636 ,127.25312741,37.45566225
2016,2016021114,38,주간,목,2,2,0,0,0,강원,강릉시,차량단독,전도전복,전도전복,운전자법규위반,안전운전 의무 불이행,단일로,기타단일로,화물차,소형,,,1117391 ,1975581 ,128.83292806,37.77237043
2016,2016041500,02,야간,금,1,1,0,0,0,전북,김제시,차대차,추돌,진행중 추돌,운전자법규위반,안전운전 의무 불이행,단일로,기타단일로,화물차,경형,화물차,중형,954632  ,1752044 ,126.99811975,35.76372744
2016,2016122118,59,야간,수,1,3,0,0,2,경기,오산시,차량단독,전도전복,전도전복,운전자법규위반,안전운전 의무 불이행,단일로,기타단일로,화물차,소형,,,963064  ,1905822 ,127.0840575,37.15039198
2016,2016110623,25,야간,일,1,8,3,4,0,경기,광주시,차대차,기타,기타,운전자법규위반,안전운전 의무 불이행,단일로,기타단일로,승용차,중형,승용차,중형,982760  ,1934511 ,127.30519028,37.40956404
2016,2016092502,23,야간,일,1,2,1,0,0,충남,공주시,차대차,기타,기타,운전자법규위반,과속,단일로,기타단일로,승용차,소형,화물차,소형,961737  ,1819612 ,127.07343993,36.37319522
2016,2016092422,50,야간,토,1,2,0,1,0,경남,진주시,차량단독,공작물충돌,공작물충돌,운전자법규위반,안전운전 의무 불이행,단일로,기타단일로,승용차,대형,,,1052041 ,1684443 ,128.07137054,35.15388563
2016,2016111122,40,야간,금,1,1,0,0,0,전남,무안군,차량단독,공작물충돌,공작물충돌,운전자법규위반,안전운전 의무 불이행,단일로,터널안,화물차,중형,,,908238  ,1665588 ,126.49465684,34.98104879
2016,2016120212,50,주간,금,1,1,0,0,0,경북,예천군,차량단독,공작물충돌,공작물충돌,운전자법규위반,안전운전 의무 불이행,단일로,기타단일로,화물차,소형,,,1088225 ,1855310 ,128.48757151,36.69168329
2016,2016120317,27,주간,토,1,1,0,0,0,대구,서구,차대사람,기타,기타,운전자법규위반,안전운전 의무 불이행,단일로,기타단일로,승용차,대형,보행자,보행자,1096291 ,1763544 ,128.56620584,35.86348447
2016,2016122920,23,야간,목,1,1,0,0,0,제주,제주시,차대사람,횡단중,횡단중,운전자법규위반,안전운전 의무 불이행,단일로,기타단일로,승용차,소형,보행자,보행자,896605  ,1496214 ,126.38745949,33.45285031
2016,2016120400,00,야간,일,1,1,0,0,0,경북,청도군,차량단독,전도전복,전도전복,운전자법규위반,안전운전 의무 불이행,단일로,기타단일로,승용차,소형,,,1099474 ,1739281 ,128.59877204,35.64468629
2016,2016120418,30,야간,일,1,1,0,0,0,경기,연천군,차대사람,차도통행중,차도통행중,운전자법규위반,안전운전 의무 불이행,단일로,기타단일로,승용차,대형,보행자,보행자,962222  ,2011146 ,127.06913074,38.09966697
2016,2016122321,35,야간,금,2,4,1,1,0,서울,관악구,차대차,정면충돌,정면충돌,운전자법규위반,중앙선 침범,단일로,기타단일로,이륜차,대형,원동기장치자전거,원동기장치자전거,949509  ,1942381 ,126.92893092,37.47928267
2016,2016120305,40,야간,토,1,1,0,0,0,경기,안산시,차대사람,기타,기타,운전자법규위반,안전운전 의무 불이행,단일로,기타단일로,승용차,중형,보행자,보행자,936423  ,1926671 ,126.78228579,37.33687889
2016,2016112920,14,야간,화,1,1,0,0,0,대전,서구,차대사람,기타,기타,운전자법규위반,안전운전 의무 불이행,단일로,기타단일로,승용차,중형,보행자,보행자,987243  ,1817320 ,127.35781959,36.35320887
2016,2016113007,00,주간,수,1,1,0,0,0,서울,서초구,차대차,추돌,진행중 추돌,운전자법규위반,안전거리 미확보,지하도로내,지하도로내,승용차,경형,건설기계,건설기계,955750  ,1944704 ,126.99937623,37.50054073
2016,2016120312,25,주간,토,1,2,1,0,0,경남,밀양시,차대차,측면직각충돌,측면직각충돌,운전자법규위반,교차로 통행방법 위반,교차로,교차로내,화물차,소형,원동기장치자전거,원동기장치자전거,1112113 ,1709825 ,128.73428168,35.37779865
2016,2016120121,14,야간,목,1,1,0,0,0,경기,수원시,차량단독,전도전복,전도전복,운전자법규위반,안전운전 의무 불이행,지하도로내,지하도로내,승용차,경형,,,955139  ,1919136 ,126.99401493,37.27005436
2016,2016120117,50,주간,목,1,2,0,1,0,경북,영천시,차대사람,횡단중,횡단중,운전자법규위반,보행자 보호의무 위반,단일로,기타단일로,이륜차,소형,보행자,보행자,1129300 ,1775588 ,128.93401505,35.96848097
2016,2016123018,00,야간,금,1,1,0,0,0,충남,당진시,차대사람,횡단중,횡단중,운전자법규위반,안전운전 의무 불이행,단일로,기타단일로,승용차,경형,보행자,보행자,930584  ,1877888 ,126.72089401,36.89675943
2016,2016123100,49,야간,토,1,1,0,0,0,경남,거제시,차대사람,기타,기타,운전자법규위반,안전운전 의무 불이행,단일로,기타단일로,승용차,중형,보행자,보행자,1091964 ,1656373 ,128.50654024,34.89794677
2016,2016123000,30,야간,금,1,1,0,0,0,서울,동작구,차대사람,횡단중,횡단중,운전자법규위반,안전운전 의무 불이행,교차로,교차로내,승용차,중형,보행자,보행자,950532  ,1946181 ,126.94024527,37.51358835
2016,2016123023,00,야간,금,1,1,0,0,0,전북,부안군,차대사람,길가장자리구역통행중,길가장자리구역통행중,운전자법규위반,안전운전 의무 불이행,단일로,기타단일로,승용차,경형,보행자,보행자,925142  ,1741374 ,126.67290784,35.66572929
2016,2016122920,00,야간,목,1,2,0,1,0,경기,성남시,차대차,추돌,진행중 추돌,운전자법규위반,신호위반,교차로,교차로내,승합차,중형,이륜차,소형,967157  ,1935375 ,127.1288426,37.41692984
2016,2016042720,50,야간,수,2,3,0,1,0,경기,고양시,차대사람,횡단중,횡단중,운전자법규위반,과속,교차로,교차로부근,승용차,중형,보행자,보행자,936551  ,1961231 ,126.78074976,37.64837585
2016,2016051721,30,야간,화,1,1,0,0,0,전남,무안군,차대차,추돌,진행중 추돌,운전자법규위반,과속,단일로,기타단일로,승용차,소형,승용차,소형,901926  ,1652035 ,126.42710465,34.85826308
2016,2016051809,54,주간,수,1,1,0,0,0,전남,해남군,차대사람,횡단중,횡단중,운전자법규위반,안전운전 의무 불이행,교차로,교차로내,화물차,소형,보행자,보행자,902285  ,1620733 ,126.43465748,34.57606966
2016,2016061100,12,야간,토,1,1,0,0,0,경기,안양시,차대사람,횡단중,횡단중,운전자법규위반,안전운전 의무 불이행,교차로,교차로내,승용차,중형,보행자,보행자,952126  ,1931894 ,126.95920923,37.38489884
2016,2016081419,45,야간,일,2,4,2,0,0,경남,밀양시,차대차,정면충돌,정면충돌,운전자법규위반,중앙선 침범,단일로,기타단일로,승용차,경형,승용차,경형,1115542 ,1727553 ,128.77454266,35.53721668
2016,2016082510,40,주간,목,1,1,0,0,0,경기,성남시,차대사람,횡단중,횡단중,운전자법규위반,과속,교차로,교차로부근,승합차,대형,보행자,보행자,968357  ,1938865 ,127.14225382,37.44842908
2016,2016110412,25,주간,금,1,3,2,0,0,충남,논산시,차대차,측면직각충돌,측면직각충돌,운전자법규위반,과속,교차로,교차로내,화물차,소형,농기계,농기계,961720  ,1799288 ,127.0742467,36.18996822
2016,2016120502,45,야간,월,1,1,0,0,0,광주,남구,차대사람,횡단중,횡단중,운전자법규위반,안전운전 의무 불이행,교차로,교차로부근,승용차,중형,보행자,보행자,945456  ,1682548 ,126.90127489,35.13666622
2016,2016121318,45,야간,화,1,1,0,0,0,전북,남원시,차대사람,횡단중,횡단중,운전자법규위반,과속,교차로,교차로부근,승용차,중형,보행자,보행자,998685  ,1721915 ,127.48664398,35.49324632
2016,2016121618,00,야간,금,1,1,0,0,0,대구,중구,차대사람,횡단중,횡단중,운전자법규위반,안전운전 의무 불이행,단일로,기타단일로,승용차,중형,보행자,보행자,1097616 ,1764316 ,128.58130172,35.87055484
2016,2016100413,20,주간,화,1,5,0,4,0,충남,홍성군,차대차,추돌,진행중 추돌,운전자법규위반,안전운전 의무 불이행,단일로,기타단일로,화물차,대형,화물차,중형,915317  ,1847722 ,126.55291007,36.62360946
2016,2016082914,59,주간,월,1,2,1,0,0,경기,성남시,차대차,추돌,진행중 추돌,운전자법규위반,안전운전 의무 불이행,단일로,기타단일로,화물차,소형,화물차,소형,963940  ,1934068 ,127.09255203,37.40502937
2016,2016011408,55,주간,목,1,1,0,0,0,전남,여수시,차량단독,기타,기타,운전자법규위반,기타(운전자법규위반),단일로,기타단일로,특수차,대형,,,1016810 ,1647921 ,127.6838269,34.82575848
2016,2016012107,00,주간,목,1,1,0,0,0,경기,성남시,차대사람,횡단중,횡단중,운전자법규위반,안전운전 의무 불이행,단일로,기타단일로,승용차,중형,보행자,보행자,971587  ,1937861 ,127.17880935,37.4394843
2016,2016102518,45,야간,화,1,1,0,0,0,경남,양산시,차대사람,횡단중,횡단중,운전자법규위반,안전운전 의무 불이행,기타/불명,기타/불명,승용차,경형,보행자,보행자,1143163 ,1719175 ,129.07765879,35.45809918
2016,2016062416,20,주간,금,2,2,0,0,0,전남,곡성군,차량단독,공작물충돌,공작물충돌,운전자법규위반,안전운전 의무 불이행,단일로,기타단일로,승용차,경형,,,978061  ,1680067 ,127.2592383,35.11553433
2016,2016071914,00,주간,화,1,1,0,0,0,경기,여주시,차량단독,전도전복,전도전복,운전자법규위반,안전운전 의무 불이행,단일로,기타단일로,농기계,농기계,,,1004344 ,1926476 ,127.54903958,37.33728801
2016,2016052305,50,야간,월,1,3,0,1,1,경기,용인시,차대차,추돌,진행중 추돌,운전자법규위반,안전운전 의무 불이행,단일로,기타단일로,승용차,중형,화물차,소형,982160  ,1915879 ,127.29885855,37.24160611
2016,2016072823,40,야간,목,1,1,0,0,0,경북,구미시,차대차,추돌,진행중 추돌,운전자법규위반,안전운전 의무 불이행,단일로,기타단일로,화물차,중형,화물차,대형,1066351 ,1809985 ,128.23884972,36.28488245
2016,2016090602,30,야간,화,1,1,0,0,0,울산,울주군,차량단독,전도전복,전도전복,운전자법규위반,안전운전 의무 불이행,단일로,기타단일로,화물차,소형,,,1151692 ,1743035 ,129.17608696,35.67187834
2016,2016080904,20,야간,화,1,2,1,0,0,경기,평택시,차대차,기타,기타,운전자법규위반,안전운전 의무 불이행,단일로,기타단일로,승용차,대형,화물차,대형,948819  ,1894612 ,126.92441347,37.04867554
2016,2016122711,35,주간,화,1,9,5,3,0,경북,영덕군,차대차,추돌,진행중 추돌,운전자법규위반,안전운전 의무 불이행,단일로,기타단일로,승용차,소형,승용차,중형,1167376 ,1822515 ,129.36612743,36.38554804
2016,2016101708,50,주간,월,1,1,0,0,0,경북,성주군,차량단독,공작물충돌,공작물충돌,운전자법규위반,안전운전 의무 불이행,단일로,기타단일로,승용차,중형,,,1072890 ,1766172 ,128.30760787,35.88944013
2016,2016122721,40,야간,화,1,1,0,0,0,충남,태안군,차대사람,횡단중,횡단중,운전자법규위반,안전운전 의무 불이행,단일로,기타단일로,승용차,중형,보행자,보행자,892233  ,1861891 ,126.29279161,36.74898178
2016,2016111115,25,주간,금,1,1,0,0,0,경남,김해시,차대차,측면직각충돌,측면직각충돌,운전자법규위반,안전운전 의무 불이행,교차로,교차로내,건설기계,건설기계,화물차,소형,1134747 ,1698229 ,128.98148879,35.27047112
2016,2016092504,24,야간,일,1,1,0,0,0,경기,성남시,차대사람,횡단중,횡단중,운전자법규위반,신호위반,단일로,횡단보도상,승합차,중형,보행자,보행자,967112  ,1937541 ,127.12823754,37.43645167
2016,2016090222,05,야간,금,1,1,0,0,0,서울,동대문구,차대사람,횡단중,횡단중,운전자법규위반,안전운전 의무 불이행,교차로,교차로내,승용차,경형,보행자,보행자,961401  ,1952127 ,127.06291687,37.56770048
2016,2016012718,10,야간,수,1,1,0,0,0,경북,구미시,차대차,추돌,진행중 추돌,운전자법규위반,안전운전 의무 불이행,교차로,교차로부근,이륜차,소형,승용차,경형,1072111 ,1804808 ,128.30250703,36.23780005
2016,2016020323,12,야간,수,1,1,0,0,0,전남,해남군,차대사람,횡단중,횡단중,운전자법규위반,안전운전 의무 불이행,교차로,교차로부근,승용차,중형,보행자,보행자,921181  ,1623791 ,126.64036513,34.60526797
2016,2016032715,35,주간,일,1,1,0,0,0,강원,원주시,차량단독,공작물충돌,공작물충돌,운전자법규위반,안전운전 의무 불이행,단일로,기타단일로,승용차,대형,,,1043154 ,1921946 ,127.98689569,37.2954635
2016,2016040621,03,야간,수,1,1,0,0,0,전남,담양군,차대사람,횡단중,횡단중,운전자법규위반,안전운전 의무 불이행,단일로,기타단일로,승용차,소형,보행자,보행자,950746  ,1698481 ,126.95838717,35.2806027
2016,2016050401,25,야간,수,1,1,0,0,0,경기,고양시,차대사람,횡단중,횡단중,운전자법규위반,보행자 보호의무 위반,단일로,횡단보도상,승용차,소형,보행자,보행자,935101  ,1963511 ,126.76411115,37.6688234
2016,2016070413,05,주간,월,1,1,0,0,0,경기,김포시,차대차,정면충돌,정면충돌,운전자법규위반,교차로 통행방법 위반,교차로,교차로내,승용차,경형,이륜차,소형,916715  ,1968831 ,126.55504743,37.71528317
2016,2016070720,20,야간,목,1,1,0,0,0,경기,남양주시,차대차,정면충돌,정면충돌,운전자법규위반,부당한 회전,단일로,기타단일로,자전거,자전거,승용차,중형,984411  ,1952352 ,127.32346823,37.57040565
2016,2016062903,55,야간,수,1,2,1,0,0,부산,강서구,차량단독,전도전복,전도전복,운전자법규위반,안전운전 의무 불이행,단일로,기타단일로,화물차,소형,,,1129018 ,1678057 ,128.91536197,35.08938733
2016,2016082321,50,야간,화,1,2,0,1,0,서울,성동구,차대차,정면충돌,정면충돌,운전자법규위반,신호위반,교차로,교차로내,원동기장치자전거,원동기장치자전거,화물차,소형,958058  ,1950443 ,127.02515925,37.55237593
2016,2016122517,26,주간,일,1,1,0,0,0,대구,동구,차대차,기타,기타,운전자법규위반,안전운전 의무 불이행,단일로,기타단일로,승합차,대형,자전거,자전거,1103154 ,1765986 ,128.64281189,35.88493048
2016,2016111121,50,야간,금,1,2,1,0,0,서울,성동구,차대사람,보도통행중,보도통행중,운전자법규위반,중앙선 침범,단일로,횡단보도상,승용차,경형,보행자,보행자,961629  ,1949977 ,127.06583624,37.54874863
2016,2016112106,47,주간,월,1,1,0,0,0,충남,아산시,차대차,측면직각충돌,측면직각충돌,운전자법규위반,신호위반,교차로,교차로내,자전거,자전거,승용차,중형,951971  ,1865369 ,126.96171551,36.78524126
2016,2016092120,51,야간,수,1,1,0,0,0,충남,당진시,차대사람,횡단중,횡단중,운전자법규위반,과속,단일로,기타단일로,승합차,소형,보행자,보행자,928819  ,1879864 ,126.70090013,36.91443895
2016,2016012710,02,주간,수,1,1,0,0,0,경남,통영시,차대사람,횡단중,횡단중,운전자법규위반,안전운전 의무 불이행,단일로,기타단일로,승용차,대형,보행자,보행자,1083778 ,1653075 ,128.41662539,34.86891937
2016,2016013108,00,주간,일,1,2,1,0,0,전북,정읍시,차대사람,길가장자리구역통행중,길가장자리구역통행중,운전자법규위반,중앙선 침범,단일로,기타단일로,승용차,소형,보행자,보행자,943577  ,1732339 ,126.87721224,35.58549673
2016,2016112004,20,야간,일,1,1,0,0,0,경북,경주시,차량단독,전도전복,전도전복,운전자법규위반,안전운전 의무 불이행,단일로,기타단일로,승용차,중형,,,1144001 ,1761082 ,129.09437916,35.83568554
2016,2016112618,15,야간,토,1,3,0,2,0,경북,안동시,차대사람,기타,기타,운전자법규위반,안전운전 의무 불이행,단일로,기타단일로,화물차,중형,보행자,보행자,1094449 ,1847386 ,128.55625506,36.61966278
2016,2016010610,10,주간,수,1,1,0,0,0,강원,강릉시,차대사람,횡단중,횡단중,운전자법규위반,안전운전 의무 불이행,단일로,기타단일로,승용차,경형,보행자,보행자,1123451 ,1975466 ,128.90169894,37.77053589
2016,2016010210,50,주간,토,1,1,0,0,0,전남,광양시,차량단독,전도전복,전도전복,운전자법규위반,안전운전 의무 불이행,교차로,교차로부근,이륜차,소형,,,1021914 ,1673875 ,127.74032351,35.05970018
2016,2016010207,00,주간,토,1,1,0,0,0,충북,청주시,차대사람,횡단중,횡단중,운전자법규위반,보행자 보호의무 위반,교차로,교차로내,승용차,중형,보행자,보행자,998879  ,1846957 ,127.48746314,36.62047654
2016,2016010218,13,야간,토,1,2,1,0,0,경북,성주군,차대차,기타,기타,운전자법규위반,안전운전 의무 불이행,교차로,교차로부근,승용차,중형,화물차,소형,1064520 ,1772298 ,128.21537383,35.94525601
2016,2016010304,25,야간,일,1,1,0,0,0,충남,예산군,차대사람,횡단중,횡단중,운전자법규위반,보행자 보호의무 위반,교차로,교차로부근,승용차,중형,보행자,보행자,925260  ,1855679 ,126.6633247,36.69616572
2016,2016010913,25,주간,토,1,1,0,0,0,전남,순천시,차대사람,횡단중,횡단중,운전자법규위반,중앙선 침범,단일로,횡단보도상,승용차,경형,보행자,보행자,999152  ,1661760 ,127.49071259,34.95069167
2016,2016010813,25,주간,금,1,3,1,1,0,경북,문경시,차대차,정면충돌,정면충돌,운전자법규위반,중앙선 침범,단일로,기타단일로,화물차,소형,건설기계,건설기계,1067010 ,1849587 ,128.24961626,36.64182809