발생년,발생년월일시,발생분,주야,요일,사망자수,사상자수,중상자수,경상자수,부상신고자수,발생지시도,발생지시군구,사고유형_대분류,사고유형_중분류,사고유형,법규위반_대분류,법규위반,도로형태_대분류,도로형태,당사자종별_1당_대분류,당사자종별_1당,당사자종별_2당_대분류,당사자종별_2당,발생위치X_UTMK,발생위치Y_UTMK,경도,위도
2016,2016112619,00,야간,토,1,1,0,0,0,경북,문경시,차량단독,전도전복,전도전복,운전자법규위반,안전운전 의무 불이행,단일로,기타단일로,화물차,소형,,,1049434 ,1851450 ,128.05312988,36.65969712
2016,2016112116,40,주간,월,1,1,0,0,0,충남,서천군,차량단독,전도전복,전도전복,운전자법규위반,안전운전 의무 불이행,단일로,기타단일로,농기계,농기계,,,924737  ,1795592 ,126.66330285,36.15448031
2016,2016112618,25,야간,토,1,1,0,0,0,충북,제천시,차대사람,횡단중,횡단중,운전자법규위반,보행자 보호의무 위반,교차로,교차로내,승용차,대형,보행자,보행자,1062118 ,1900980 ,128.19883664,37.10445372
2016,2016110110,34,주간,화,1,1,0,0,0,경남,창원시(통합),차대사람,횡단중,횡단중,운전자법규위반,안전운전 의무 불이행,단일로,기타단일로,승용차,경형,보행자,보행자,1107344 ,1692594 ,128.67953201,35.22298481
2016,2016102815,20,주간,금,1,1,0,0,0,경남,창녕군,차대차,측면직각충돌,측면직각충돌,운전자법규위반,안전운전 의무 불이행,교차로,교차로내,이륜차,소형,승합차,대형,1091684 ,1720923 ,128.51065739,35.4799396
2016,2016110305,45,야간,목,1,1,0,0,0,제주,서귀포시,차대사람,횡단중,횡단중,운전자법규위반,안전운전 의무 불이행,교차로,교차로부근,승용차,중형,보행자,보행자,926292  ,1477018 ,126.70857438,33.28204419
2016,2016102920,00,야간,토,1,1,0,0,0,부산,강서구,차대사람,기타,기타,운전자법규위반,안전운전 의무 불이행,교차로,교차로내,승용차,중형,보행자,보행자,1132259 ,1691901 ,128.95337086,35.2137412
2016,2016110416,25,주간,금,1,1,0,0,0,경북,예천군,차대차,측면직각충돌,측면직각충돌,운전자법규위반,안전운전 의무 불이행,교차로,교차로내,화물차,중형,이륜차,소형,1089475 ,1856198 ,128.50166566,36.69957041
2016,2016110111,35,주간,화,1,1,0,0,0,대구,북구,차대사람,횡단중,횡단중,운전자법규위반,보행자 보호의무 위반,단일로,기타단일로,승용차,경형,보행자,보행자,1099547 ,1767042 ,128.60302879,35.8949338
2016,2016121020,10,야간,토,1,1,0,0,0,대구,중구,차대사람,기타,기타,운전자법규위반,안전운전 의무 불이행,단일로,기타단일로,승합차,대형,보행자,보행자,1098732 ,1764186 ,128.59364565,35.86927106
2016,2016112223,00,야간,화,1,1,0,0,0,경기,고양시,차대사람,횡단중,횡단중,운전자법규위반,보행자 보호의무 위반,단일로,횡단보도상,승용차,중형,보행자,보행자,936315  ,1961692 ,126.77803446,37.65251437
2016,2016112309,21,주간,수,1,1,0,0,0,경기,군포시,차대사람,횡단중,횡단중,운전자법규위반,보행자 보호의무 위반,단일로,횡단보도상,화물차,소형,보행자,보행자,949765  ,1929053 ,126.9327331,37.35916675
2016,2016112218,00,야간,화,1,1,0,0,0,부산,기장군,차대사람,기타,기타,운전자법규위반,안전운전 의무 불이행,단일로,기타단일로,승용차,중형,보행자,보행자,1156745 ,1692376 ,129.22214138,35.21451534
2016,2016103021,48,야간,일,1,1,0,0,0,경기,안양시,차량단독,도로이탈,도로이탈 기타,운전자법규위반,안전운전 의무 불이행,단일로,기타단일로,이륜차,대형,,,948259  ,1936654 ,126.91519573,37.42759452
2016,2016110413,15,주간,금,1,2,1,0,0,경기,포천시,차대차,정면충돌,정면충돌,운전자법규위반,중앙선 침범,단일로,기타단일로,화물차,소형,건설기계,건설기계,975563  ,2015000 ,127.22115463,38.13486099
2016,2016110114,20,주간,화,1,1,0,0,0,전남,완도군,차량단독,공작물충돌,공작물충돌,운전자법규위반,안전운전 의무 불이행,단일로,기타단일로,이륜차,소형,,,960429  ,1593575 ,127.06980563,34.335046
2016,2016103106,10,주간,월,1,1,0,0,0,강원,고성군,차대사람,횡단중,횡단중,운전자법규위반,과속,교차로,교차로부근,승용차,경형,보행자,보행자,1081643 ,2053766 ,128.4360382,38.4808275
2016,2016110118,25,야간,화,1,1,0,0,0,경남,창원시(통합),차대사람,횡단중,횡단중,운전자법규위반,안전운전 의무 불이행,단일로,기타단일로,승용차,중형,보행자,보행자,1101957 ,1696791 ,128.62086877,35.26138449
2016,2016121014,40,주간,토,1,1,0,0,0,전북,고창군,차대사람,길가장자리구역통행중,길가장자리구역통행중,운전자법규위반,안전운전 의무 불이행,단일로,기타단일로,승용차,소형,보행자,보행자,910678  ,1725967 ,126.51482089,35.52562827
2016,2016121117,00,주간,일,1,1,0,0,0,경기,안산시,차량단독,공작물충돌,공작물충돌,운전자법규위반,안전운전 의무 불이행,단일로,기타단일로,승용차,중형,,,944639  ,1921463 ,126.87541845,37.29046332
2016,2016120808,14,주간,목,1,1,0,0,0,충남,당진시,차대차,기타,기타,운전자법규위반,중앙선 침범,단일로,기타단일로,화물차,소형,건설기계,건설기계,926297  ,1869235 ,126.67362252,36.81843861
2016,2016120907,00,주간,금,1,1,0,0,0,강원,태백시,차량단독,공작물충돌,공작물충돌,운전자법규위반,안전운전 의무 불이행,단일로,기타단일로,특수차,중형,,,1134044 ,1901206 ,129.00844569,37.09991639
2016,2016120822,45,야간,목,1,1,0,0,0,충남,아산시,차대사람,횡단중,횡단중,운전자법규위반,보행자 보호의무 위반,교차로,교차로내,승용차,중형,보행자,보행자,951863  ,1865326 ,126.96050787,36.78484816
2016,2016121604,30,야간,금,1,1,0,0,0,부산,사상구,차량단독,전도전복,전도전복,운전자법규위반,안전운전 의무 불이행,단일로,기타단일로,이륜차,중형,,,1133189 ,1681817 ,128.96265572,35.12573502
2016,2016121818,15,야간,일,1,1,0,0,0,경남,하동군,차대사람,차도통행중,차도통행중,운전자법규위반,안전운전 의무 불이행,기타/불명,기타/불명,승용차,경형,보행자,보행자,1035489 ,1664039 ,127.88877356,34.97062061
2016,2016121222,35,야간,월,1,1,0,0,0,전남,여수시,차대사람,횡단중,횡단중,운전자법규위반,과속,단일로,기타단일로,승용차,경형,보행자,보행자,1018742 ,1639411 ,127.70476456,34.7489841
2016,2016121419,15,야간,수,1,1,0,0,0,울산,울주군,차량단독,전도전복,전도전복,운전자법규위반,안전운전 의무 불이행,단일로,기타단일로,이륜차,사발이,,,1147956 ,1734557 ,129.13326647,35.59603517
2016,2016121518,44,야간,목,1,5,1,3,0,충북,청주시,차대차,추돌,진행중 추돌,운전자법규위반,안전운전 의무 불이행,단일로,기타단일로,승용차,경형,승용차,소형,1002005 ,1853879 ,127.5224413,36.68287663
2016,2016121604,20,야간,금,1,3,2,0,0,경남,진주시,차대차,추돌,진행중 추돌,운전자법규위반,안전운전 의무 불이행,단일로,교량위,승용차,중형,화물차,대형,1057372 ,1687422 ,128.13010502,35.18045608
2016,2016122011,35,주간,화,1,1,0,0,0,서울,구로구,차대차,기타,기타,운전자법규위반,안전운전 의무 불이행,단일로,기타단일로,자전거,자전거,승합차,소형,944114  ,1944363 ,126.86776447,37.49683604
2016,2016121306,54,주간,화,1,1,0,0,0,대구,달서구,차대사람,횡단중,횡단중,운전자법규위반,과속,교차로,교차로부근,승용차,소형,보행자,보행자,1092007 ,1756862 ,128.51832021,35.80390197
2016,2016121502,00,야간,목,1,5,2,2,0,경기,부천시,차대차,정면충돌,정면충돌,운전자법규위반,중앙선 침범,단일로,기타단일로,승용차,경형,승용차,중형,939212  ,1948766 ,126.81194763,37.53621044
2016,2016100103,15,야간,토,3,9,2,4,0,대구,달서구,차대차,측면직각충돌,측면직각충돌,운전자법규위반,신호위반,교차로,교차로내,승용차,중형,승용차,대형,1093022 ,1759336 ,128.52984045,35.82610882
2016,2016111020,35,야간,목,1,1,0,0,0,대구,수성구,차대사람,횡단중,횡단중,운전자법규위반,안전운전 의무 불이행,교차로,교차로내,승용차,경형,보행자,보행자,1103083 ,1764786 ,128.64186619,35.87461757
2016,2016111214,33,주간,토,1,1,0,0,0,대구,서구,차대차,측면직각충돌,측면직각충돌,운전자법규위반,부당한 회전,단일로,기타단일로,자전거,자전거,화물차,중형,1093839 ,1764907 ,128.53953944,35.87625177
2016,2016111802,41,야간,금,2,3,1,0,0,경기,부천시,차대차,정면충돌,정면충돌,운전자법규위반,신호위반,교차로,교차로내,화물차,소형,승용차,중형,933994  ,1945441 ,126.75318886,37.50588378
2016,2016111217,21,주간,토,1,1,0,0,0,전북,김제시,차대사람,기타,기타,운전자법규위반,안전운전 의무 불이행,단일로,기타단일로,승용차,중형,보행자,보행자,954700  ,1748464 ,126.99870977,35.73120751
2016,2016111812,00,주간,금,1,2,1,0,0,충남,천안시,차대차,추돌,진행중 추돌,운전자법규위반,안전거리 미확보,교차로,교차로부근,승합차,소형,승용차,중형,983039  ,1861226 ,127.30999861,36.74895925
2016,2016111917,57,주간,토,1,1,0,0,0,강원,횡성군,차대차,추돌,진행중 추돌,운전자법규위반,안전운전 의무 불이행,단일로,기타단일로,승용차,경형,농기계,농기계,1045971 ,1943159 ,128.01999708,37.48653106
2016,2016111302,40,야간,일,1,1,0,0,0,전북,전주시,차대사람,횡단중,횡단중,운전자법규위반,안전운전 의무 불이행,단일로,횡단보도상,승용차,경형,보행자,보행자,965909  ,1757355 ,127.12264165,35.8120676
2016,2016111518,35,야간,화,1,4,1,2,0,경북,영주시,차대차,측면직각충돌,측면직각충돌,운전자법규위반,신호위반,교차로,교차로내,승용차,소형,승용차,경형,1099353 ,1869080 ,128.61390883,36.81469544
2016,2016112706,30,주간,일,1,3,2,0,0,경기,화성시,차대차,기타,기타,운전자법규위반,안전운전 의무 불이행,고가도로위,고가도로위,승용차,중형,화물차,소형,946609  ,1902968 ,126.89896638,37.12387169
2016,2016112615,20,주간,토,1,1,0,0,0,경북,예천군,차량단독,전도전복,전도전복,운전자법규위반,안전운전 의무 불이행,단일로,기타단일로,이륜차,사발이,,,1088737 ,1847337 ,128.49237914,36.61977022
2016,2016112003,35,야간,일,1,1,0,0,0,대구,서구,차대사람,횡단중,횡단중,운전자법규위반,안전운전 의무 불이행,단일로,기타단일로,승용차,중형,보행자,보행자,1095983 ,1763054 ,128.56331484,35.85956935
2016,2016112012,15,주간,일,1,6,1,2,2,전남,화순군,차대차,측면직각충돌,측면직각충돌,운전자법규위반,신호위반,교차로,교차로내,특수차,경형,승용차,경형,953958  ,1673172 ,126.99511854,35.05254844
2016,2016112404,55,야간,목,1,2,1,0,0,경남,거제시,차대차,측면직각충돌,측면직각충돌,운전자법규위반,신호위반,교차로,교차로내,이륜차,소형,승용차,소형,1111764 ,1653468 ,128.72282203,34.86976908
2016,2016103106,35,주간,월,1,5,3,1,0,서울,강남구,차대차,정면충돌,정면충돌,운전자법규위반,신호위반,교차로,교차로내,승용차,대형,승용차,중형,961761  ,1944729 ,127.06737866,37.50103469
2016,2016110408,20,주간,금,1,1,0,0,0,전북,임실군,차대차,측면직각충돌,측면직각충돌,운전자법규위반,교차로 통행방법 위반,교차로,교차로내,화물차,대형,이륜차,소형,979057  ,1734266 ,127.26877939,35.60425879
2016,2016103118,20,야간,월,1,1,0,0,0,충남,청양군,차대사람,기타,기타,운전자법규위반,안전운전 의무 불이행,교차로,교차로내,화물차,소형,보행자,보행자,936821  ,1827402 ,126.79505473,36.44210471
2016,2016103002,34,야간,일,1,2,1,0,0,서울,중구,차대사람,횡단중,횡단중,운전자법규위반,안전운전 의무 불이행,단일로,기타단일로,승용차,대형,보행자,보행자,956644  ,1951243 ,127.00910407,37.55952106
2016,2016102922,47,야간,토,1,1,0,0,0,전북,군산시,차량단독,전도전복,전도전복,운전자법규위반,안전운전 의무 불이행,단일로,기타단일로,이륜차,소형,,,917382  ,1774281 ,126.58377635,35.96176891
2016,2016121110,10,주간,일,1,3,0,0,2,경기,수원시,차대차,기타,기타,운전자법규위반,안전운전 의무 불이행,교차로,교차로내,승용차,중형,승용차,중형,954696  ,1922187 ,126.98883256,37.29753351
2016,2016111317,48,주간,일,1,3,1,0,1,전남,고흥군,차대차,추돌,진행중 추돌,운전자법규위반,안전운전 의무 불이행,단일로,기타단일로,화물차,소형,농기계,농기계,970029  ,1609874 ,127.17359945,34.48235535
2016,2016112210,20,주간,화,1,1,0,0,0,강원,삼척시,차대사람,횡단중,횡단중,운전자법규위반,안전운전 의무 불이행,교차로,교차로내,승용차,중형,보행자,보행자,1146791 ,1939429 ,129.15938329,37.44240373
2016,2016112610,38,주간,토,1,3,1,1,0,전북,익산시,차대차,측면직각충돌,측면직각충돌,운전자법규위반,중앙선 침범,단일로,기타단일로,승용차,중형,화물차,소형,960476  ,1777423 ,127.06177812,35.988199
2016,2016112608,20,주간,토,2,5,1,2,0,전북,정읍시,차대차,측면직각충돌,측면직각충돌,운전자법규위반,직진 및 우회전차의 통행방해,교차로,교차로내,화물차,중형,승용차,대형,935006  ,1741847 ,126.78184691,35.67069296
2016,2016111917,50,주간,토,1,1,0,0,0,대전,서구,차대사람,횡단중,횡단중,운전자법규위반,안전운전 의무 불이행,단일로,횡단보도상,승용차,중형,보행자,보행자,985690  ,1811722 ,127.34061384,36.30271873
2016,2016111911,55,주간,토,1,3,2,0,0,경남,창녕군,차대차,정면충돌,정면충돌,운전자법규위반,중앙선 침범,단일로,기타단일로,화물차,소형,화물차,소형,1090404 ,1712499 ,128.49561386,35.40411107
2016,2016112011,35,주간,일,1,1,0,0,0,대구,수성구,차대사람,기타,기타,운전자법규위반,안전운전 의무 불이행,단일로,기타단일로,승용차,경형,보행자,보행자,1100438 ,1760478 ,128.6118401,35.83565875
2016,2016110406,38,주간,금,1,1,0,0,0,경기,고양시,차대사람,횡단중,횡단중,운전자법규위반,과속,교차로,교차로내,승용차,중형,보행자,보행자,937029  ,1961067 ,126.78618207,37.64693067
2016,2016102919,00,야간,토,1,1,0,0,0,인천,강화군,차대사람,길가장자리구역통행중,길가장자리구역통행중,운전자법규위반,안전운전 의무 불이행,단일로,기타단일로,승용차,대형,보행자,보행자,914436  ,1959921 ,126.53023895,37.63477527
2016,2016110306,24,주간,목,1,1,0,0,0,경기,오산시,차대차,추돌,진행중 추돌,운전자법규위반,안전운전 의무 불이행,단일로,기타단일로,승용차,대형,건설기계,건설기계,960395  ,1904042 ,127.05409644,37.13423788
2016,2016110504,00,야간,토,1,1,0,0,0,충북,청주시,차량단독,전도전복,전도전복,운전자법규위반,안전운전 의무 불이행,단일로,기타단일로,이륜차,소형,,,999720  ,1846927 ,127.49686859,36.62020671
2016,2016121620,15,야간,금,1,1,0,0,0,부산,사상구,차대사람,횡단중,횡단중,운전자법규위반,안전운전 의무 불이행,단일로,횡단보도상,승용차,중형,보행자,보행자,1137081 ,1685182 ,129.00496998,35.15254852
2016,2016121916,10,주간,월,1,2,0,1,0,경북,의성군,차대차,정면충돌,정면충돌,운전자법규위반,중앙선 침범,교차로,교차로부근,화물차,소형,화물차,소형,1107662 ,1816665 ,128.69971605,36.34136597
2016,2016121911,30,주간,월,1,1,0,0,0,경북,상주시,차량단독,공작물충돌,공작물충돌,운전자법규위반,안전운전 의무 불이행,단일로,기타단일로,화물차,소형,,,1049458 ,1832075 ,128.0521536,36.48503686
2016,2016121905,27,야간,월,1,2,0,1,0,광주,북구,차량단독,전도전복,전도전복,운전자법규위반,안전운전 의무 불이행,단일로,기타단일로,승용차,중형,,,943269  ,1688718 ,126.87684538,35.19217804
2016,2016122501,00,야간,일,1,1,0,0,0,경기,안성시,차량단독,주/정차차량 충돌,주/정차차량 충돌,운전자법규위반,안전운전 의무 불이행,교차로,교차로부근,승용차,대형,승합차,대형,997984  ,1899505 ,127.47731421,37.09417668
2016,2016122521,50,야간,일,1,1,0,0,0,경기,수원시,차대사람,횡단중,횡단중,운전자법규위반,안전운전 의무 불이행,단일로,기타단일로,승용차,중형,보행자,보행자,955866  ,1918445 ,127.00225544,37.26386067
2016,2016122118,05,야간,수,1,1,0,0,0,세종,세종,차대사람,기타,기타,운전자법규위반,안전운전 의무 불이행,기타/불명,기타/불명,승합차,소형,보행자,보행자,967801  ,1857085 ,127.13947561,36.71123456
2016,2016122820,46,야간,수,1,1,0,0,0,경남,함안군,차대사람,기타,기타,운전자법규위반,안전운전 의무 불이행,교차로,교차로부근,승용차,소형,보행자,보행자,1088316 ,1697341 ,128.47098566,35.26763934
2016,2016122405,55,야간,토,1,1,0,0,0,대전,유성구,차대사람,횡단중,횡단중,운전자법규위반,신호위반,교차로,교차로부근,승용차,소형,보행자,보행자,986326  ,1816797 ,127.34760859,36.34848123
2016,2016100319,50,야간,월,1,1,0,0,0,전북,전주시,차대차,측면직각충돌,측면직각충돌,운전자법규위반,안전운전 의무 불이행,교차로,교차로내,자전거,자전거,승용차,경형,967968  ,1758595 ,127.14520493,35.82325685
2016,2016110918,00,야간,수,1,1,0,0,0,전남,화순군,차대사람,기타,기타,운전자법규위반,안전운전 의무 불이행,교차로,교차로부근,화물차,소형,보행자,보행자,952916  ,1674267 ,126.98363056,35.06237395
2016,2016110913,10,주간,수,1,1,0,0,0,전남,여수시,차대사람,횡단중,횡단중,운전자법규위반,안전운전 의무 불이행,단일로,기타단일로,승용차,중형,보행자,보행자,1018378 ,1641877 ,127.70084156,34.77122847
2016,2016110519,40,야간,토,1,1,0,0,0,서울,마포구,차대차,정면충돌,정면충돌,운전자법규위반,신호위반,교차로,교차로내,이륜차,소형,승용차,중형,945952  ,1953561 ,126.88787923,37.57984792
2016,2016111010,10,주간,목,1,1,0,0,0,전남,장성군,차량단독,전도전복,전도전복,운전자법규위반,안전운전 의무 불이행,단일로,기타단일로,특수차,대형,,,929685  ,1698523 ,126.72680601,35.27972289
2016,2016111610,30,주간,수,1,2,1,0,0,충남,청양군,차대사람,기타,기타,운전자법규위반,안전운전 의무 불이행,단일로,기타단일로,화물차,중형,보행자,보행자,936850  ,1831057 ,126.79508013,36.47505487
2016,2016111222,20,야간,토,1,1,0,0,0,경기,용인시,차대사람,횡단중,횡단중,운전자법규위반,안전운전 의무 불이행,단일로,기타단일로,승용차,중형,보행자,보행자,965200  ,1919253 ,127.10748421,37.27153959
2016,2016111620,08,야간,수,1,1,0,0,0,경북,청도군,차대사람,차도통행중,차도통행중,운전자법규위반,안전운전 의무 불이행,단일로,기타단일로,화물차,소형,보행자,보행자,1111766 ,1742450 ,128.73496041,35.67193779
2016,2016111711,30,주간,목,1,1,0,0,0,충남,당진시,차대사람,길가장자리구역통행중,길가장자리구역통행중,운전자법규위반,안전운전 의무 불이행,교차로,교차로내,화물차,대형,보행자,보행자,937854  ,1875903 ,126.80264743,36.87937378
2016,2016111408,40,주간,월,1,1,0,0,0,경북,영천시,차대사람,횡단중,횡단중,운전자법규위반,안전운전 의무 불이행,단일로,기타단일로,화물차,소형,보행자,보행자,1127875 ,1795887 ,128.92150285,36.15162524
2016,2016112614,09,주간,토,1,1,0,0,0,울산,중구,차대차,추돌,진행중 추돌,운전자법규위반,안전운전 의무 불이행,교차로,교차로부근,이륜차,소형,승용차,경형,1166619 ,1732478 ,129.3387667,35.57433185
2016,2016112621,50,야간,토,3,3,0,0,0,경북,안동시,차량단독,전도전복,전도전복,운전자법규위반,안전운전 의무 불이행,단일로,횡단보도상,승용차,경형,,,1125277 ,1828257 ,128.89782692,36.44370934
2016,2016100800,18,야간,토,2,2,0,0,0,충북,단양군,차대차,측면직각충돌,측면직각충돌,운전자법규위반,안전운전 의무 불이행,교차로,교차로내,승용차,경형,승합차,대형,1071399 ,1893127 ,128.30280174,37.03396962
2016,2016101421,11,야간,금,1,1,0,0,0,경남,양산시,차대사람,횡단중,횡단중,운전자법규위반,안전운전 의무 불이행,교차로,교차로부근,승용차,중형,보행자,보행자,1138574 ,1705592 ,129.02479695,35.33631717
2016,2016101315,20,주간,목,1,1,0,0,0,강원,횡성군,차대차,기타,기타,운전자법규위반,안전운전 의무 불이행,단일로,기타단일로,승합차,대형,자전거,자전거,1048415 ,1941857 ,128.06805872,37.4567722
2016,2016101316,25,주간,목,1,1,0,0,0,대구,북구,차대사람,길가장자리구역통행중,길가장자리구역통행중,운전자법규위반,안전운전 의무 불이행,단일로,기타단일로,화물차,소형,보행자,보행자,1099487 ,1769936 ,128.60271673,35.9209177
2016,2016101019,05,야간,월,1,4,1,2,0,경북,안동시,차대차,추돌,진행중 추돌,운전자법규위반,안전운전 의무 불이행,단일로,기타단일로,승용차,중형,농기계,농기계,1105576 ,1828877 ,128.67813576,36.45166914
2016,2016102006,25,주간,목,1,1,0,0,0,인천,부평구,차대사람,기타,기타,운전자법규위반,안전운전 의무 불이행,교차로,교차로부근,화물차,소형,보행자,보행자,931055  ,1943289 ,126.72014065,37.48627326
2016,2016101808,40,주간,화,1,1,0,0,0,경남,통영시,차대사람,횡단중,횡단중,운전자법규위반,신호위반,단일로,횡단보도상,승합차,대형,보행자,보행자,1083699 ,1655045 ,128.41595817,34.88668832
2016,2016102000,20,야간,목,1,2,0,1,0,부산,수영구,차대차,측면직각충돌,측면직각충돌,운전자법규위반,안전운전 의무 불이행,교차로,교차로내,원동기장치자전거,원동기장치자전거,승용차,대형,1147209 ,1685325 ,129.11614966,35.15240552
2016,2016101618,35,야간,일,1,1,0,0,0,전남,순천시,차대사람,횡단중,횡단중,운전자법규위반,안전운전 의무 불이행,단일로,기타단일로,승용차,소형,보행자,보행자,1002982 ,1662706 ,127.53266266,34.9592182
2016,2016101521,35,야간,토,1,1,0,0,0,경기,남양주시,차대차,기타,기타,운전자법규위반,신호위반,교차로,교차로내,화물차,중형,화물차,중형,970711  ,1967246 ,127.16773228,37.70431589
2016,2016091520,00,야간,목,1,1,0,0,0,충남,공주시,차대사람,횡단중,횡단중,운전자법규위반,안전운전 의무 불이행,단일로,기타단일로,화물차,소형,보행자,보행자,951303  ,1834709 ,126.95617592,36.50882082
2016,2016091519,05,야간,목,1,12,2,9,0,전남,영광군,차대차,정면충돌,정면충돌,운전자법규위반,중앙선 침범,단일로,기타단일로,농기계,농기계,승용차,경형,907981  ,1700681 ,126.48793279,35.29741792
2016,2016092115,40,주간,수,1,1,0,0,0,충북,옥천군,차량단독,전도전복,전도전복,운전자법규위반,안전운전 의무 불이행,단일로,기타단일로,원동기장치자전거,원동기장치자전거,,,1004551 ,1813378 ,127.55069922,36.31774385
2016,2016092611,05,주간,월,1,1,0,0,0,서울,종로구,차대사람,차도통행중,차도통행중,운전자법규위반,안전운전 의무 불이행,교차로,교차로내,승용차,대형,보행자,보행자,957230  ,1952873 ,127.01564369,37.57424005
2016,2016092617,27,주간,월,1,6,4,1,0,충남,부여군,차대차,추돌,진행중 추돌,운전자법규위반,안전운전 의무 불이행,단일로,기타단일로,화물차,중형,승합차,대형,936942  ,1806203 ,126.79812202,36.25100918
2016,2016092500,25,야간,일,1,1,0,0,0,부산,사상구,차대사람,횡단중,횡단중,운전자법규위반,과속,단일로,기타단일로,승용차,대형,보행자,보행자,1135977 ,1685812 ,128.99293539,35.15839926
2016,2016092522,45,야간,일,1,2,0,1,0,경남,양산시,차대차,측면직각충돌,측면직각충돌,운전자법규위반,신호위반,교차로,교차로내,승용차,중형,승용차,중형,1152832 ,1715950 ,129.18356605,35.42759325
2016,2016092707,15,주간,화,1,1,0,0,0,전북,익산시,차대차,정면충돌,정면충돌,운전자법규위반,교차로 통행방법 위반,교차로,교차로내,원동기장치자전거,원동기장치자전거,화물차,소형,947351  ,1777269 ,126.92442509,35.98926586
2016,2016092505,15,야간,일,1,3,0,1,1,충북,충주시,차대사람,횡단중,횡단중,운전자법규위반,안전운전 의무 불이행,단일로,기타단일로,원동기장치자전거,원동기장치자전거,보행자,보행자,1037833 ,1887185 ,127.92510496,36.9823607
2016,2016090512,20,주간,월,1,1,0,0,0,경남,창녕군,차량단독,도로이탈,도로이탈 기타,운전자법규위반,안전운전 의무 불이행,단일로,기타단일로,자전거,자전거,,,1086122 ,1712356 ,128.44844726,35.40320131
2016,2016090122,45,야간,목,1,1,0,0,0,전북,김제시,차대사람,횡단중,횡단중,운전자법규위반,과속,단일로,기타단일로,화물차,소형,보행자,보행자,938279  ,1761923 ,126.81649867,35.85214166
2016,2016090511,42,주간,월,1,2,0,1,0,경기,시흥시,차대차,기타,기타,운전자법규위반,신호위반,교차로,교차로내,이륜차,소형,화물차,소형,943140  ,1930650 ,126.85780323,37.37317858
2016,2016090506,10,주간,월,1,3,0,2,0,경기,양주시,차대차,추돌,진행중 추돌,운전자법규위반,안전운전 의무 불이행,교차로,교차로부근,화물차,소형,승합차,대형,960876  ,1982268 ,127.0553522,37.83934168
2016,2016090516,15,주간,월,1,1,0,0,0,인천,부평구,차대사람,횡단중,횡단중,운전자법규위반,안전운전 의무 불이행,단일로,기타단일로,승용차,경형,보행자,보행자,931728  ,1943407 ,126.72774158,37.48738678
2016,2016090221,45,야간,금,1,1,0,0,0,전남,여수시,차대사람,기타,기타,운전자법규위반,안전운전 의무 불이행,단일로,기타단일로,승용차,대형,승용차,중형,1017243 ,1642911 ,127.68845913,34.78057263
2016,2016101210,50,주간,수,1,1,0,0,0,경기,오산시,차대차,측면직각충돌,측면직각충돌,운전자법규위반,안전운전 의무 불이행,교차로,교차로부근,자전거,자전거,승용차,경형,960941  ,1905851 ,127.06014915,37.15056707
2016,2016101005,20,야간,월,1,1,0,0,0,경북,안동시,차대사람,횡단중,횡단중,운전자법규위반,안전운전 의무 불이행,교차로,교차로내,승용차,경형,보행자,보행자,1111547 ,1841194 ,128.74653192,36.5620066
2016,2016101018,40,야간,월,1,1,0,0,0,경남,산청군,차대사람,차도통행중,차도통행중,운전자법규위반,안전운전 의무 불이행,단일로,기타단일로,화물차,소형,보행자,보행자,1033637 ,1713211 ,127.87049316,35.41406615
2016,2016101814,32,주간,화,1,1,0,0,0,경북,경산시,차대차,측면직각충돌,측면직각충돌,운전자법규위반,안전운전 의무 불이행,단일로,기타단일로,이륜차,소형,화물차,소형,1113415 ,1757330 ,128.75528107,35.8058804
2016,2016101616,50,주간,일,1,1,0,0,0,전남,나주시,차량단독,전도전복,전도전복,운전자법규위반,안전운전 의무 불이행,단일로,기타단일로,농기계,농기계,,,929392  ,1658598 ,126.72699011,34.91971984
2016,2016101414,00,주간,금,1,2,0,1,0,제주,제주시,차량단독,공작물충돌,공작물충돌,운전자법규위반,안전운전 의무 불이행,단일로,기타단일로,원동기장치자전거,원동기장치자전거,,,903403  ,1500862 ,126.46019472,33.49522028
2016,2016101418,10,야간,금,1,1,0,0,0,강원,영월군,차대차,측면직각충돌,측면직각충돌,운전자법규위반,신호위반,교차로,교차로내,특수차,대형,원동기장치자전거,원동기장치자전거,1073894 ,1915622 ,128.33307266,37.23653004
2016,2016101512,05,주간,토,1,1,0,0,0,대전,서구,차대사람,횡단중,횡단중,운전자법규위반,안전운전 의무 불이행,단일로,기타단일로,승용차,경형,보행자,보행자,990396  ,1815981 ,127.39297714,36.34117389
2016,2016101909,02,주간,수,1,1,0,0,0,전남,영암군,차대차,측면직각충돌,측면직각충돌,운전자법규위반,안전운전 의무 불이행,교차로,교차로내,화물차,소형,이륜차,소형,918614  ,1653010 ,126.60954925,34.86852775